Casual;;;;;
The Box Tops;;;;;
Sonora Santanera;;;;;
Adam Ant;;;;;
Gob;;;;;
Jeff And Sheri Easter;;;;;
Rated R;;;;;
Tweeterfriendly Music;;;;;
Planet P Project;;;;;
Clp;;;;;
JennyAnyKind;;;;;
Wayne Watson;;;;;
Andy Andy;;;;;
Bob Azzam;;;;;
Lionel Richie;;;;;
Blue Rodeo;;;;;
Richard Souther;;;;;
Faiz Ali Faiz;;;;;
Tesla;;;;;
lextrical;;;;;
Jimmy Wakely;;;;;
Alice Stuart;;;;;
Elena;;;;;
The Dillinger Escape Plan;;;;;
SUE THOMPSON;;;;;
Five Bolt Main;;;;;
Tim Wilson;;;;;
Willie Bobo;;;;;
Faye Adams;;;;;
Terry Callier;;;;;
John Wesley;;;;;
The Shangri-Las;;;;;
Billie Jo Spears;;;;;
Mike Jones (Featuring CJ_ Mello & Lil' Bran);;;;;
Sierra Maestra;;;;;
Butthole Surfers;;;;;
Despina Vandi;;;;;
Javier Navarrete;;;;;
Jacob Young;;;;;
Scarlet's Remains;;;;;
The Suicide Machines;;;;;
The Rolling Stones;;;;;
Roberto Torres;;;;;
Loudon Wainwright III;;;;;
R.L. Burnside;;;;;
Stevie Ray Vaughan;;;;;
John Hammond;;;;;
Casiotone For The Painfully Alone;;;;;
Ec8or;;;;;
The New York Dolls;;;;;
Eliane Elias;;;;;
Lost Boyz;;;;;
The Germs;;;;;
Yamandu Costa;;;;;
Chris Rea;;;;;
Perrey And Kingsley;;;;;
Eurythmics;;;;;
Francis Dunnery;;;;;
John Cale;;;;;
Suzanne Ciani;;;;;
Vickie Winans;;;;;
The Berzerker;;;;;
Kings Of Leon;;;;;
Edith Lefel;;;;;
Taras;;;;;
NOFX;;;;;
Murskahumppa;;;;;
Soda Stereo;;;;;
Bruce Rowland;;;;;
Xcultures;;;;;
White Heart;;;;;
Heavy D / McGruff;;;;;
Van Halen;;;;;
Black Eyed Peas;;;;;
Nine Inch Nails;;;;;
Nick Cave & The Bad Seeds;;;;;
Nadine Renee;;;;;
Lesley Gore;;;;;
Smartbomb;;;;;
Suburbs;;;;;
Emperor;;;;;
Julien Clerc;;;;;
Glen Campbell;;;;;
T.G. Sheppard;;;;;
Slim Whitman;;;;;
Savage Garden;;;;;
Queens Of The Stone Age;;;;;
Hank Penny & The Lincoln Penny Orchestra;;;;;
Inspiral Carpets;;;;;
Borialis;;;;;
The Dirty Skirts;;;;;
Flor Silvestre;;;;;
Bézu;;;;;
Redman;;;;;
Solistiyhtye Suomi;;;;;
Eddie Cantor;;;;;
Schizoid;;;;;
Kai Winding;;;;;
Sonny Simmons;;;;;
Mira;;;;;
Citizen Kaned;;;;;
The Brooklyn Tabernacle Choir;;;;;
Ellen McIlwaine;;;;;
Vince Guaraldi / Bola Sete;;;;;
Maurice Chevalier;;;;;
Carl Cox Vs Yousef;;;;;
Organized Konfusion;;;;;
Martina McBride;;;;;
Horace Andy;;;;;
Nazz;;;;;
Tyrone Davis;;;;;
Hot Tuna;;;;;
Richard Burton;;;;;
Rory Block;;;;;
Boyz II Men;;;;;
Howard Armstrong;;;;;
Donny Hathaway;;;;;
Miguel Gallardo;;;;;
Les Ogres De Barback;;;;;
DJ X-Change featuring DJ Joey A;;;;;
Morel;;;;;
Tony Joe White;;;;;
Wolfmother;;;;;
The Roches;;;;;
Bob Margolin;;;;;
Thomas Battenstein;;;;;
Jupiter Rising;;;;;
Dharma Bums;;;;;
Saafir;;;;;
The Verve Pipe;;;;;
Bob Neuwirth;;;;;
Marvin Sapp;;;;;
James Hunter;;;;;
Nelson Ned;;;;;
Mish Mash;;;;;
Cama;;;;;
Maxi Priest;;;;;
Porcupine Tree;;;;;
Ragheb Alama;;;;;
Foo Fighters;;;;;
Shakira Featuring Wyclef Jean;;;;;
The Avengers;;;;;
Robben Ford;;;;;
Brazilian Tropical Orchestra;;;;;
Gil Semedo;;;;;
Xmilk;;;;;
Dolce; Oscar G.;;;;
Britt Nicole;;;;;
Toni Braxton Featuring Shaggy;;;;;
Sven Tasnadi;;;;;
Eddie;;;;;
Enthroned;;;;;
Milan Band;;;;;
Johnny Osbourne;;;;;
Dolly Parton;;;;;
Rance Allen Group;;;;;
Pearl Jam;;;;;
Natalie Cole;;;;;
Mastodon;;;;;
Kiril Valeri;;;;;
Word;;;;;
DJ Quik;;;;;
Hank Locklin;;;;;
BT;;;;;
2-4 Grooves feat. Reki D.;;;;;
The Jordanaires;;;;;
Descendents;;;;;
L.A. Guns;;;;;
Bare Jr.;;;;;
Shelley Fabares;;;;;
Norrie Paramor;;;;;
Gary Hobbs;;;;;
Diesel Boy;;;;;
Angelo Badalamenti;;;;;
Cradle Of Filth;;;;;
Jim Chappell;;;;;
Ladybug;;;;;
Bandido;;;;;
Brixx;;;;;
Susana Seivane;;;;;
Leland Martin;;;;;
Test Icicles;;;;;
Heaven 17;;;;;
React;;;;;
Mance Lipscomb;;;;;
Scott Wesley Brown;;;;;
Flávio José;;;;;
Moss;;;;;
Pery Ribeiro;;;;;
Soular;;;;;
Dimmu Borgir;;;;;
Public Image Ltd;;;;;
Gary Moore;;;;;
Pascal Sangla;;;;;
The B-52's;;;;;
Dakis;;;;;
Sex Pistols;;;;;
Chris Brown;;;;;
Deekline & Wizard;;;;;
Daniela Dessì;;;;;
Hem;;;;;
Lily Allen;;;;;
Pentangle;;;;;
DJ Dips;;;;;
Ana Bekuta;;;;;
Jason Miles;;;;;
Busdriver;;;;;
Byther Smith;;;;;
Bebo & Cigala;;;;;
Bizarre Inc;;;;;
Bongzilla;;;;;
The Gone Jackals;;;;;
The Willis Brothers;;;;;
Laurindo Almeida / Carlos Barbosa-Lima / Charlie Byrd;;;;;
S.U.P;;;;;
Boogie Pimps;;;;;
Brian Keane;;;;;
Aberdeen;;;;;
The Killers;;;;;
Gloriana;;;;;
Butterfly Temple;;;;;
Grant Geissman;;;;;
20/20;;;;;
José Augusto;;;;;
Orbital;;;;;
Bone Thugs-N-Harmony / Akon;;;;;
Moonsorrow;;;;;
N.W.A.;;;;;
Rage Against The Machine;;;;;
Jazz Gillum;;;;;
Rise Against;;;;;
Ultraviolence;;;;;
Korn;;;;;
Sir Neville Marriner;;;;;
Agnes;;;;;
James Horner;;;;;
Tantric;;;;;
The Irish Tenors;;;;;
U2;;;;;
Little Joe;;;;;
Blind Blake & The Royal Victoria Hotel Calypsos;;;;;
Percy Faith;;;;;
Extreme;;;;;
Alexandre Desplat;;;;;
Prozak;;;;;
Jerry Butler;;;;;
Yvette Horner;;;;;
Delta 9;;;;;
Placebo;;;;;
Tam Tam Go!;;;;;
Gertrudis;;;;;
Warrior King;;;;;
LORE;;;;;
Soul Asylum;;;;;
Carl Doy with NZSO;;;;;
The Nightraver & The Magican;;;;;
Rah Digga (Featuring Outsidaz);;;;;
RUN-DMC;;;;;
Bert Kaempfert And His Orchestra;;;;;
Lady May;;;;;
Nightwish;;;;;
Frank Chacksfield;;;;;
Cesar Camargo Mariano/Helio Delmiro;;;;;
Buzzhorn;;;;;
Silverstein;;;;;
!!!;;;;;
The Secret Life of Teenage Girls;;;;;
The Notorious B.I.G.;;;;;
Led Zeppelin;;;;;
Sandi Thom;;;;;
Carl Belew;;;;;
The Field Mice;;;;;
Billy Higgins_ Bob Berg_ Cedar Walton_ Tony Dumas;;;;;
Catherine Howe;;;;;
Malkit Singh;;;;;
Rodney O & Joe Cooley;;;;;
Dean Martin;;;;;
Strata;;;;;
James Darren;;;;;
Till West & DJ Delicious;;;;;
Carlos Nuñez;;;;;
Igor Stravinsky;;;;;
Gene Clark;;;;;
Maysa;;;;;
The Shirelles;;;;;
The American Boychoir;;;;;
JDS;;;;;
Panic At The Disco;;;;;
Jan Howard;;;;;
Abraham Laboriel;;;;;
Michèle Arnaud;;;;;
Sticky Fingaz;;;;;
Dame Joan Sutherland / New Philharmonia Orchestra / Richard Bonynge;;;;;
The Jeff Healey Band;;;;;
Angela Dimitriou;;;;;
Danny Wilson;;;;;
Lionel Rogg;;;;;
Java;;;;;
SWAMI featuring Asuivre;;;;;
The Black Velvet Band;;;;;
Lisa Lynne;;;;;
Pe'z;;;;;
Shawn Colvin;;;;;
Stephy Tang;;;;;
Backstreet Boys;;;;;
Tiny Tim;;;;;
Kenny G featuring Daryl Hall;;;;;
Christos Dantis;;;;;
David Martin;;;;;
John Davis;;;;;
Trafik;;;;;
Nick Ingman;Gavyn Wright;;;;
Eddie Calvert;;;;;
Glad;;;;;
Steel Rain;;;;;
Los Manolos;;;;;
Bombay Rockers;;;;;
Jinx;;;;;
Chase & Status;;;;;
Tom Petty;;;;;
Montserrat Caballé;Placido Domingo;Vicente Sardinero;Judith Blegen;Sherrill Milnes;Georg Solti
Pucho & His Latin Soul Brothers;;;;;
Soul Mekanik;;;;;
Mitch Ryder;;;;;
Blingtones;;;;;
Luna Orbit Project;;;;;
Danilo Perez;;;;;
Line Renaud;;;;;
King Curtis;;;;;
Sophie B. Hawkins;;;;;
Lupe Fiasco;;;;;
Wilks;;;;;
Marc Shaiman;;;;;
40 Grit;;;;;
Gwen Stefani;;;;;
Steve Morse;;;;;
Bitter End;;;;;
Ethel Merman;;;;;
Leon Russell & New Grass Revival;;;;;
Story Of The Year;;;;;
Natural Elements;;;;;
Neil Sedaka;;;;;
Maurice Larcange;;;;;
A Static Lullaby;;;;;
John Wesley_ John Wesley;;;;;
Coph Nia;;;;;
Tabu feat. Mitzib;;;;;
Nights Like These;;;;;
Oasis;;;;;
John Davis & Emma Doyle;;;;;
Stew;;;;;
Jauida;;;;;
Eddy Arnold;;;;;
All Time Low;;;;;
Brian Dullaghan;;;;;
Richard Galliano;;;;;
Regina Belle;;;;;
Debbie Davies;;;;;
STEVE CAMP;;;;;
Jay Tee & Baby Bash;;;;;
The Stolen Minks;;;;;
Daath;;;;;
Extasick;;;;;
UFO;;;;;
Avril - Remix By Ana Rago;;;;;
Pat Travers;;;;;
SNOWPATROL;;;;;
Die Fantastischen Vier;;;;;
Jeanie Lambe & The Danny Moss Quartet;;;;;
Yung Joc;;;;;
Philippe Sarde;;;;;
Orquesta Aragón;;;;;
State of Chaos;;;;;
Dropkick Murphys;;;;;
Taint;;;;;
VHS Or Beta;;;;;
Leonard Kwan;;;;;
True Believers;;;;;
Les Hurlements D'leo;;;;;
Charanga Forever;;;;;
Zuzu Bollin;;;;;
Bullet For My Valentine;;;;;
The Hit Factory;;;;;
Terry Snyder;;;;;
Marcus Miller;;;;;
Beatnuts;;;;;
Ayo;;;;;
Kid Sister;;;;;
Mons Leidvin Takle;;;;;
Sizzla;;;;;
Helen Love;;;;;
David Mingyue Liang;;;;;
Pursuit Of Happiness;;;;;
Bobby Hutcherson;;;;;
Gregory Isaacs;;;;;
The Pharcyde;;;;;
Azis;;;;;
Amy Winehouse;;;;;
George Lopez;;;;;
Les Hou-Lops;;;;;
The Cosmosamatics;;;;;
Jackie Edwards;;;;;
Michael Card;;;;;
Ensiferum;;;;;
Leila Chicot;;;;;
The Pharcyde / Big Boy / Schmooche Cat / Randy Mack;;;;;
Erkki Junkkarinen;;;;;
Scar Symmetry;;;;;
Oztara;;;;;
Sonia Dersion;;;;;
Christina Aguilera;;;;;
Headhunter;;;;;
Eighteen Visions;;;;;
Baby Huey & The Baby Sitters;;;;;
Elmore James;;;;;
Rising Lion;;;;;
George Harrison;;;;;
Weezer;;;;;
Boots Randolph;;;;;
Jackson United;;;;;
Bobbie Gentry;;;;;
Creedence Clearwater Revived;;;;;
The Johnny Otis Orchestra;;;;;
B.A.D.;;;;;
Luar Na Lubre;;;;;
Circular;;;;;
Fruko Y Sus Tesos;;;;;
The Bucketheads;;;;;
The Police;;;;;
Kinky;;;;;
The Real Kids;;;;;
Eddie Boyd;;;;;
Tha Chamba;;;;;
Jack Orsen & Taktlo$$;;;;;
Olov Johansson_ Catriona Mckay;;;;;
Shriekback;;;;;
Hatebreed;;;;;
John Frizzell;;;;;
Sister Hazel;;;;;
J.J. Cale;;;;;
Precious Bryant;;;;;
Selena;;;;;
Brooke Valentine;;;;;
Krystof;;;;;
Claire Hamill;;;;;
Los Originales De San Juan;;;;;
Black Flag;;;;;
Barbarito Diez;;;;;
Aaron Watson;;;;;
Mary Black;;;;;
Satan's Host;;;;;
The Impressions;;;;;
Owl City;;;;;
Bobby Bland;;;;;
Headliners;;;;;
Jane Winther;;;;;
The Rascals;;;;;
Blind Blake;;;;;
Emilia;;;;;
Cómplices;;;;;
Emilio;;;;;
Nana Caymmi;;;;;
Kasia Stankiewicz;;;;;
Turisas;;;;;
Chéco Feliciano And Joe King;;;;;
Cache Cache;;;;;
David Hudson;;;;;
David Summers;;;;;
Rummage;;;;;
Adr Lavey;;;;;
Bill Boyd's Cowboy Ramblers;;;;;
Canis Dirus;;;;;
Justin;;;;;
La Portuaria;;;;;
Antonis Remos;;;;;
Percy Faith And His Orchestra;;;;;
Stars Like Fleas;;;;;
Gaetano Donizetti;;;;;
Shakira;;;;;
Little Freddie King;;;;;
Ms. Dynamite;;;;;
Andy Russell;;;;;
Blink-182;;;;;
Kali;;;;;
John Brown;;;;;
Abysmal Dawn;;;;;
Chaotica;;;;;
Lara & The Gumbo Lickers;;;;;
Elvin Bishop;;;;;
Gordon Jenkins;;;;;
1. Futurologischer Congress;;;;;
Asleep At The Wheel;;;;;
Neil Innes;;;;;
Siouxsie;;;;;
Alan Silvestri;;;;;
Sunnyland Slim;;;;;
Dusminguet;;;;;
Rudolph Valentino;;;;;
Sylvia Patricia;;;;;
Zeromancer;;;;;
Two Man Advantage;;;;;
Green Day;;;;;
Chico;;;;;
KALIMBA;;;;;
SKOLD vs. KMFDM;;;;;
Architecture In Helsinki;;;;;
Wailing Souls;;;;;
Kitaro;;;;;
Alice In Chains;;;;;
Bobby Darin;;;;;
Ini Kamoze;;;;;
9th Wonder featuring Defcon_ Phonte;;;;;
Ill Nino;;;;;
De La Ghetto;;;;;
Baroness;;;;;
DMX / Eve / Jadakiss;;;;;
Melt Banana;;;;;
M.I.K.E.;;;;;
Willie Rosario;;;;;
Jude Taylor & His Burning Flames;;;;;
Metallica;;;;;
Sui Generis;;;;;
The Red Telephone;;;;;
T-Bone;;;;;
Bill Douglas;;;;;
DJ Spinn featuring Traxman;;;;;
The Radio Dept.;;;;;
Mötley Crüe;;;;;
Shy FX & T Power;;;;;
Becky Baeling;;;;;
Keb' Mo';;;;;
UKW;;;;;
THE CHIFFONS;;;;;
S. Solis y Orquesta;;;;;
Commander Cody And His Lost Planet Airmen;;;;;
Commissioned;;;;;
Dee Clark;;;;;
Cauterize;;;;;
Laurie Berkner;;;;;
DJ Slugo;;;;;
Joi;;;;;
Simon & Garfunkel;;;;;
Beenie Man Featuring Wyclef And Redman;;;;;
Greater Vision;;;;;
Anti-Flag;;;;;
Joe Lynn Turner;;;;;
Rickie Lee Jones;;;;;
Hysterie;;;;;
Aesop Rock;;;;;
Bobby Vee;;;;;
Alfredo Gutiérrez;;;;;
Shelby Lynne;;;;;
Tora Tora;;;;;
Franz Ferdinand;;;;;
Hot Chip;;;;;
Gal Costa;;;;;
Kathy Mattea;;;;;
James Taylor;;;;;
Der Moderne Man;;;;;
Jeff Beck;;;;;
Taboo;;;;;
BigElf;;;;;
Tanto Metro & Devonte;;;;;
Ray Kane;;;;;
Ashes to Ashes;;;;;
Kelly Clarkson;;;;;
Fudge Tunnel;;;;;
Edgar Bori;;;;;
Jimmy Witherspoon;;;;;
Dave Eggar;;;;;
Donnie Brooks;;;;;
2raumwohnung;;;;;
SOJA;;;;;
Dinosaur Jr.;;;;;
Ulytau;;;;;
The Nelons;;;;;
The Exies;;;;;
Babylon Disco;;;;;
Kaija Koo;;;;;
Gus Viseur;;;;;
Dino;;;;;
GG Allin;;;;;
Zimbabwe Legit;;;;;
Spinal Tap;;;;;
Buzzcocks;;;;;
Stanley Clarke;;;;;
Hemdale;;;;;
Jesse Malin and The St. Marks Social;;;;;
3 Doors Down;;;;;
Ma Rainey;;;;;
Zombie Girl;;;;;
Daniel Johnston;;;;;
Niraj Chag;;;;;
João Gilberto;;;;;
Bone Thugs-N-Harmony;;;;;
Los Chichos;;;;;
Christian McBride;;;;;
Jim Kweskin;;;;;
Utopia;;;;;
Foxy Brown;;;;;
Muse;;;;;
String Trio Of New York;;;;;
Ramón Vargas;Vladimir Jurowski;;;;
Portable;;;;;
Lili Ivanova;;;;;
Furry Lewis;;;;;
Bröderna Djup;;;;;
Jo-El Sonnier;;;;;
Naughty By Nature;Naughty By Nature featuring Zhane;;;;
Vanessa Bell Armstrong;;;;;
Radiohead;;;;;
Dave Hollister;;;;;
Seamus Egan;;;;;
Arthur Tracy;;;;;
C.C. Adcock;;;;;
DMX;;;;;
Las Ketchup;;;;;
C-Side & Petit Mal;;;;;
Don Gibson;;;;;
Jewel;;;;;
John Legend [feat. Buju Banton];;;;;
Izzy;;;;;
Bury Your Dead;;;;;
Our Time Down Here;;;;;
Pee Wee King;;;;;
Acorps de Rue;;;;;
Les Blaireaux;;;;;
Bersuit Vergarabat;;;;;
G-Unit;;;;;
Saosin;;;;;
John Williams;;;;;
Pardesi;;;;;
Baby Grand;;;;;
DJ Ostkurve;;;;;
Roy Rogers;;;;;
Reni;;;;;
Steve Riley & The Mamou Playboys;;;;;
Falco;;;;;
New Roanoke Jug Band;;;;;
Warren Barfield;;;;;
Dilated Peoples;;;;;
Orquesta Broadway;;;;;
Fever Ray;;;;;
Charles Williams;;;;;
Bob Wills;;;;;
The Animals_ Sonny Boy Williamson;;;;;
MN;;;;;
T-Bone Walker;;;;;
Floor;;;;;
Walter Jackson;;;;;
Megadrums;;;;;
Tim Exile;;;;;
Alex Theory;;;;;
Bizzy Bone Presents;;;;;
Marcel Mouloudji;;;;;
Jerry Reed;;;;;
Cinder;;;;;
Speedball;;;;;
Johnny Cash;;;;;
Rui Da Silva;;;;;
Autumnblaze;;;;;
Sister Rosetta Tharpe;;;;;
Hatesex;;;;;
Kris Kristofferson;;;;;
Maurane / Lara Fabian;;;;;
Rita Chiarelli;;;;;
Kiprich;;;;;
Pepe Kalle;;;;;
Jaime Urrutia;;;;;
David Tao;;;;;
Goatwhore;;;;;
Séamus Egan;;;;;
Superchumbo;;;;;
We Show Up On Radar;;;;;
Gabinete Caligari;;;;;
SUMO;;;;;
The Clark Sisters;;;;;
Basic Channel;;;;;
Tammy Wynette;;;;;
Whitesnake;;;;;
Chet Atkins;;;;;
Eddie Cano;;;;;
Terry Riley;;;;;
Mack and Jamie;;;;;
Trivium;;;;;
Der Plan;;;;;
Reel Big Fish;;;;;
Dylan Kuo;;;;;
Martin Sexton;;;;;
John Mayall & The Bluesbreakers;;;;;
Luiz Bonfa;;;;;
Chris Standring;;;;;
Angélla Christie;;;;;
Neviss;;;;;
Red Hot Chili Peppers;;;;;
Chango Spasiuk;;;;;
Charley Patton;;;;;
The Race;;;;;
Yahir;;;;;
Gordon MacRae;;;;;
The Winans;;;;;
Mario Rosenstock;;;;;
Jerry Goldsmith;;;;;
Tom Petty And The Heartbreakers;;;;;
Winston Reedy;;;;;
Pablo Montero;;;;;
Papa Wemba;;;;;
Pride Tiger;;;;;
Ten Years After;;;;;
Sweet;;;;;
Bamberg Symphony Orchestra and Hans Swarowsky;;;;;
Tomorrow;;;;;
Ty Herndon;Stephanie Bentley;;;;
Gary Morris;;;;;
Chimaira;;;;;
Cali;;;;;
Silvério Pessoa;;;;;
X-Static;;;;;
Deborah Allen;;;;;
The Master Musicians of Jajouka featuring Bachir Attar;;;;;
John Holt;;;;;
The Prodigy;;;;;
Tina Britt;;;;;
Sonny Terry & Brownie McGhee;;;;;
MxPx;;;;;
Fort Minor (Featuring Mr. Hahn);;;;;
Dean Elliott And His Big Band;;;;;
Enslavement Of Beauty;;;;;
liquid soul & freq;;;;;
C.J. Chenier;;;;;
Mercedes Castro;;;;;
Snow Patrol;;;;;
Antonio Bribiesca;;;;;
Pinchers;;;;;
Trick Trick / Eminem;;;;;
Michael Jackson;;;;;
Franco;;;;;
Facto Delafe y las flores azules;;;;;
Dora The Explorer;;;;;
DJ Spinn;;;;;
Theodis Ealey;;;;;
Janet Paschal;;;;;
Everyday Sunday;;;;;
Peggy Zina;;;;;
Souls Of Mischief;;;;;
Hacken Lee;;;;;
Bad Brains;;;;;
Raze;;;;;
The Presets;;;;;
Steve Wilson;;;;;
Jennifer Lopez;;;;;
A.Z.;;;;;
Francisco Céspedes;;;;;
Quadro Nuevo;;;;;
Chris Farlowe;;;;;
The Charms;;;;;
Matisyahu;;;;;
Béla Fleck;;;;;
Jongo Trio;;;;;
Javier Mendoza Band;;;;;
Sapo;;;;;
Eddie Money;;;;;
Cracker;;;;;
Sade;;;;;
Photo Atlas;;;;;
Kenny Price;;;;;
Elliot Goldenthal;;;;;
Delroy Wilson;;;;;
Arkona;;;;;
Behemoth;;;;;
Andre Popp;;;;;
Soilwork;;;;;
Cândido;;;;;
Shaggy;;;;;
Ramón Vargas_ Sängerknaben Luzerner Kantorei_ Henk Geuke_ Concilium Musicum Wien & Paul Angerer;;;;;
The Rapture;;;;;
Nicole C. Mullen;;;;;
Dinosaur Jr;;;;;
Los Van Van;;;;;
Lara;;;;;
Outerspace;;;;;
Gloria Lasso;;;;;
Les Sexareenos;;;;;
Stevie Ray Vaughan And Double Trouble;;;;;
The Creation;;;;;
The Balustrade Ensemble;;;;;
Ultimate Fakebook;;;;;
Astarte;;;;;
Elakelaiset;;;;;
Prisma;;;;;
Anubis Spire;;;;;
Beaver Harris;;;;;
Darwin Hobbs;;;;;
Jerry Yan;;;;;
Tommy James & The Shondells;;;;;
Los Iracundos;;;;;
Hevia;;;;;
John And The Bluesbreakers Mayall;;;;;
Checkers;;;;;
Babbie Mason;;;;;
The Grease Band;;;;;
Bally Sagoo;;;;;
Champion Jack Dupree;;;;;
Z.Z. Hill;;;;;
Benabar;;;;;
John Michael Talbot;;;;;
Britney Spears;;;;;
Skeletonwitch;;;;;
Charlie Cruz;;;;;
Kix;;;;;
Indigenous;;;;;
Los Abuelos De La Nada;;;;;
Slightly Stoopid;;;;;
Maximilian Hecker;;;;;
Leroy Hutson;;;;;
Semisonic;;;;;
Laid Back;;;;;
Willie Clayton;;;;;
Novaspace;;;;;
Tom Barabas;;;;;
Finntroll;;;;;
Carlos Ponce;;;;;
Colin James;;;;;
Marlene Dietrich;;;;;
Pinchers & Ganglords;;;;;
Ziggy Marley And The Melody Makers;;;;;
John Mayer;;;;;
Frederik;;;;;
Emeneya;;;;;
Dropline;;;;;
Cancer Bats;;;;;
Biddu;;;;;
Uman;;;;;
Lara & Reyes;;;;;
Miriam Yeung;;;;;
Sophie Tucker;;;;;
Pyranja;;;;;
Conway Twitty;;;;;
Agency 1.9.9.4;;;;;
Blackalicious;;;;;
Wyclef Jean featuring Butch Cassidy and Sharissa;;;;;
Ben Watt feat. Estelle;;;;;
Naughty By Nature;;;;;
Aurélien Merle;;;;;
Far Too Jones;;;;;
Jenney;;;;;
R.E.M.;;;;;
Los Gaiteros de San Jacinto;;;;;
King Diamond;;;;;
Shamen;;;;;
Mighty Diamonds;;;;;
Atomic Rooster;;;;;
Lincoln Center Jazz Orchestra;;;;;
Ray Boltz & Steve Millikan;;;;;
Simple Minds;;;;;
J. B. Lenoir;;;;;
Herbert  von Karajan;;;;;
Rihanna;;;;;
Fuzz;;;;;
Dokken;;;;;
Ionics;;;;;
Top Of The Poppers;;;;;
Paulette Tajah;;;;;
Republica;Jonny Male;Dave Arch;;;
Guns N' Roses;;;;;
Fat Joe;;;;;
Skrape;;;;;
Curt Bois;;;;;
Céline Dion;;;;;
Silverchair;;;;;
Rancid;;;;;
Brian Auger's Oblivion Express;;;;;
Primordial;;;;;
Chelsea;;;;;
Rainer Bielfeldt;;;;;
Ann Hampton Callaway;;;;;
Mando Diao;;;;;
Donnie McClurkin;;;;;
NewFound Road;;;;;
Vilma Palma e Vampiros;;;;;
Ray Conniff;;;;;
Madilu System;;;;;
Set Your Goals;;;;;
The High Strung;;;;;
Nic Endo;;;;;
Kim Wilson;;;;;
Suicidal Tendencies;;;;;
Bill & Gloria Gaither;;;;;
Jennifer Brown;;;;;
Jean Lumière;;;;;
Elephant Man;;;;;
Alain Souchon;;;;;
Pepper;;;;;
FIR;;;;;
Eric Champion;;;;;
Zeltinger Band;;;;;
Bebe Winans;;;;;
Penguin Café Orchestra;;;;;
Colombiafrica - The Mystic Orchestra;;;;;
The Kitchen;;;;;
Statues;;;;;
Jonny Lang;;;;;
Cam'Ron / JR Writer;;;;;
Novembre;;;;;
X-Raided;;;;;
Cornell Campbell;;;;;
Donna The Buffalo;;;;;
ÄI-TIEM;;;;;
Little Feat;;;;;
Mikey Dread;;;;;
Alberto Cortez;;;;;
Conjunto Mar Azul;;;;;
Death From Above 1979;;;;;
Eyehategod;;;;;
Mal De Ojo;;;;;
Edmundo Ros;;;;;
The Antlers;;;;;
Jimmy Riley;;;;;
Marilyn Horne / Wiener Opernorchester / Henry Lewis;;;;;
Jason Mraz;;;;;
Pyrolator;;;;;
James Scott Skinner;;;;;
Grupo Batuque;;;;;
Sugar Minott;;;;;
Mudhoney;;;;;
Out Of The Grey;;;;;
OV7;;;;;
Open Hand;;;;;
X-ecutioners;;;;;
Juice Leskinen;;;;;
Pumpkin Buzzard;;;;;
Rishi Rich;;;;;
Kanye West;;;;;
The Katies;;;;;
Los Hispanos;;;;;
Paul Brown;;;;;
Lloyd Banks;;;;;
Terror Fabulous;;;;;
Eddie Henderson;;;;;
Kartik Seshadri;;;;;
Modeselektor;;;;;
Charlie Rich;;;;;
Bad Religion;;;;;
Saarbrücken Radio Symphony Orchestra;;;;;
Jackie Davis;;;;;
Less Than Jake;;;;;
Mobb Deep;;;;;
Irwin Goodman;;;;;
Pedro Aznar;;;;;
Marty Robbins;;;;;
Gang Starr Featuring Jeru The Damaja And Lil Dap;;;;;
Lenn Hammond;;;;;
Cool For August;;;;;
Monster Magnet;;;;;
Nirvana;;;;;
Unison;;;;;
Hatiras & Slarta John;;;;;
Randy Travis;;;;;
José Augusto;Catia Guimma;;;;
fIREHOSE;;;;;
Alternative TV;;;;;
Mike Bloomfield;;;;;
Francky Vincent;;;;;
The Black Crowes;;;;;
Mat Kearney;;;;;
Conjunto Clasico;;;;;
Julie Roberts;;;;;
Lily Holbrook;;;;;
Georges Delerue;;;;;
Ronnie Milsap;;;;;
Irma Thomas;;;;;
O'2L;;;;;
The Cardigans;;;;;
Clifton Chenier;;;;;
B.B. King;;;;;
Zen Lemonade;;;;;
R. Kelly & Jay Z;;;;;
Jan Wayne;;;;;
Jimmy Cliff;;;;;
The Forms;;;;;
Connie Francis;;;;;
Larry The Cable Guy;;;;;
The Kirkbys;;;;;
Arc Angels;;;;;
The Clancy Brothers;;;;;
Andy Griffith;;;;;
Eric Demarsan;;;;;
"Myrick ""Freeze"" Guillory";;;;;
Ice-T & Chuck D;;;;;
Billy Bragg & Wilco;;;;;
Götterdämmerung;;;;;
Mil;;;;;
The Twinkle Brothers;;;;;
Tum Tum;;;;;
Mr Dubz;;;;;
Die Bandbreite;;;;;
Andre Verchuren;;;;;
Spieluhrmelodien;;;;;
Marco Beltrami;;;;;
Erik Hassle;;;;;
An Cafe;;;;;
Galactic;;;;;
Michael Bloomfield;;;;;
Soul Embraced;;;;;
At All Cost;;;;;
William Coulter;;;;;
Phil Spector;;;;;
Charles Williams And His Orchestra;;;;;
Barrabas;;;;;
Malcolm McLaren;;;;;
Birmingham Jubilee Singers;;;;;
Capleton;;;;;
Steve Erquiaga;;;;;
Avril Lavigne;;;;;
Mickey And The Students;;;;;
Bumblefoot;;;;;
The Shamen;;;;;
The Moody Blues;;;;;
Frankie Randall;;;;;
Arturo Sandoval;;;;;
Tommy Overstreet;;;;;
Coven;;;;;
Kzss & Atma;;;;;
Professor Longhair;;;;;
Stelios Dionisiou;;;;;
J.C. Lodge;;;;;
Hubert Kah;;;;;
M;;;;;
Piero Umiliani;;;;;
Tabu Ley Rochereau;;;;;
Dead Prez;;;;;
Sergio Mendes / Black Eyed Peas;;;;;
Janice Vidal;;;;;
El Gran Silencio;;;;;
Les Bantous De La Capitale;;;;;
Sivuca;;;;;
Luis Alberto Spinetta;;;;;
Blind Boy Fuller;;;;;
Paula Santoro;;;;;
Sunscreem;;;;;
Louis Prima And Keely Smith;;;;;
Robert Lockwood_ Jr.;;;;;
Jeremy Spencer;;;;;
The Velvet Underground;;;;;
Kingston Trio;;;;;
D' Militante;;;;;
Michelle & Vickie;;;;;
Pamelo Mounk'a;;;;;
Los Fernandos;;;;;
Kool Savas;;;;;
Rainie Yang;;;;;
Little Eva;;;;;
New Order;;;;;
Damone;;;;;
Joe Turner;;;;;
DeGarmo & Key;;;;;
David Bowie;;;;;
Klaus Badelt;;;;;
Charlotte Gainsbourg;;;;;
Aerosmith;;;;;
The Party Group;;;;;
Enter the Haggis;;;;;
Mac McAnally;;;;;
T.O.K.;;;;;
Leo Gandelman;;;;;
Leon Russell;;;;;
Bill Laswell;;;;;
Francis Lai;;;;;
Herbst9_ Z'ev;;;;;
Del Tha Funkee Homosapien;;;;;
Britney Spears feat. Pharrell Williams;;;;;
Crazy Horse;;;;;
Sam Butera & The Witnesses;;;;;
Lee Ritenour / Jeff Mironov;;;;;
Helmet;;;;;
Dine et Déon;;;;;
Martin Denny;;;;;
DJ Nasty;;;;;
Santana;;;;;
Ray Sandoval;;;;;
Amalia Avgoustaki;;;;;
Shaman;;;;;
K-OS;;;;;
Choir & Great Symphony Orchestra of the All-Union Radio_ N. Shpiller_ S. Krassovsky_ V. Gagarina & N;;;;;
Elva Hsiao;;;;;
Avril;;;;;
Sticky Fingaz & Omar Epps;;;;;
Delbert McClinton;;;;;
Gloria De Haven;;;;;
Rhian Benson;;;;;
Bessie Smith;;;;;
MC5;;;;;
Tommy Torres;;;;;
Les Malpolis;;;;;
Washboard Sam;;;;;
Shirley Caesar;;;;;
Fun Lovin' Criminals;;;;;
Los Chunguitos;;;;;
OutKast;;;;;
Warrant;;;;;
IYOV;;;;;
Otis Taylor;;;;;
Laron aka Swan featuring Alexander East;;;;;
Alfredo Kraus/Tatiana Troyanos/London Philharmonic Orchestra/Michel Plasson;;;;;
Righteous Brothers;;;;;
Five Fingers of Funk;;;;;
Michael Whalen;;;;;
Tonic;;;;;
The Grip Weeds;;;;;
Andy & Lucas;;;;;
Móveis Coloniais de Acaju;;;;;
John D. Loudermilk;;;;;
Glen Campbell And Bobbie Gentry;;;;;
Jay Pérez;;;;;
Kenny Rogers;;;;;
Wednesday 13's Frankenstein Drag Queens From Planet 13;;;;;
Dub Pistols feat. Lindy Layton & Rodney P;;;;;
Darwin's Waiting Room;;;;;
André Minvielle;;;;;
Herbert Von Karajan;;;;;
Hassan Annouri feat. Cassandra Steen;;;;;
Gaiteros de Pillopo;;;;;
Paul Taylor / Terry Dexter;;;;;
Lee Ritenour;;;;;
Andreas Dorau;;;;;
Bukue One;;;;;
Hiram Bullock;;;;;
Serpentine;;;;;
Thomas Dolby;;;;;
Barbara Lusch;;;;;
Raphaël;;;;;
Martha Wainwright;;;;;
Boondox;;;;;
Maurane;;;;;
Beatnuts featuring dead prez and Cheryl Pepsi Riley;;;;;
Rene Touzet;;;;;
Michael McDonald;;;;;
Free;;;;;
Leo Ku;;;;;
The Pineapple Thief;;;;;
Buddy Jewell;;;;;
Demonbreed;;;;;
Joe Heaney;;;;;
Cerati-Melero;;;;;
Remmy Ongala;;;;;
The Last;;;;;
House Of Lords;;;;;
Helen O'Connell;;;;;
The Sun Harbor's Chorus-Documentary Recordings;;;;;
DCS;;;;;
Kraftwerk;;;;;
Singing Melody;;;;;
FFH;;;;;
Willie Clancy;;;;;
Chris Clark;;;;;
GWAR;;;;;
Gran Coquivacoa;;;;;
Sick Puppies;;;;;
Gary Nichols;;;;;
James Newton Howard;;;;;
Ray Charles;;;;;
Geggy Tah;;;;;
Los Fabulosos Cadillacs;;;;;
Loretta Lynn;;;;;
Joe Rogan;;;;;
Mista;;;;;
Unearth;;;;;
Bob Marley;;;;;
Brian Free & Assurance;;;;;
Dream Warriors;;;;;
The In Crowd / Jah Stitch;;;;;
The Fray;;;;;
Groucho Marx;;;;;
Alceu Valença;;;;;
Skeeter Davis;;;;;
Tito Puente;;;;;
Memphis La Blusera;;;;;
One Block Radius;;;;;
Various Indian Tribes;;;;;
Timo Maas;;;;;
Anat Ben David;;;;;
Twila Paris;;;;;
Bob Carlisle;;;;;
The Michael Stanley Band;;;;;
Mariano Yanani;;;;;
Rikk Agnew;;;;;
Eminem;;;;;
Barry Manilow;;;;;
Carlos Baute;;;;;
Marga Gomez;;;;;
Dexys Midnight Runners;;;;;
Jean-Jacques Goldman;;;;;
Etienne de Crécy ;;;;;
T-la Rock;;;;;
Kent;;;;;
Silent Stream Of Godless Elegy;;;;;
Stiff Meat;;;;;
Asterisk*;;;;;
Jimi Hendrix;;;;;
Dr. Elmo;;;;;
Tommy Castro;;;;;
Panzer AG;;;;;
Gus Cannon;;;;;
Suicide;;;;;
William Orbit;;;;;
Point Of Grace;;;;;
Jack Johnson;;;;;
Max Melvin;;;;;
Plagia;;;;;
Hollywood Bowl Orchestra / John Mauceri;;;;;
Sylvester Weaver;;;;;
Blue October;;;;;
X;;;;;
Intars Busulis;;;;;
Jedi Mind Tricks;;;;;
Broadcast;;;;;
Fiona;;;;;
Carl Crack;;;;;
France D'Amour;;;;;
Phil Collins;;;;;
Teena Marie;;;;;
Mindless Self Indulgence;;;;;
Laurindo Almeida;;;;;
Mandi;;;;;
The Color Red;;;;;
Jim Bryson;;;;;
Irreversíveis;;;;;
Information Society;;;;;
Marcie Blane;;;;;
Curtis Mayfield;;;;;
PMD;;;;;
Alain Morisod;;;;;
Tom Cochrane;;;;;
Gold City;;;;;
Roy Drusky;;;;;
SAF;;;;;
Gym Class Heroes;;;;;
Jape Squad;;;;;
Frankee;;;;;
Williamson;;;;;
Operator;;;;;
The Stooges;;;;;
Dntel;;;;;
David Meece;;;;;
Harvey Averne;;;;;
Tyrone Taylor;;;;;
Shanadoo;;;;;
Erik Berglund;;;;;
Günter Noris;;;;;
Moonspell;;;;;
Chico Hamilton;;;;;
Andréa;;;;;
Azukx;;;;;
Steve Azar;;;;;
Kenny Neal;;;;;
Ghorwane;;;;;
Nichols;;;;;
Ennio Morricone;;;;;
Vaselines;;;;;
Beto Cuevas;;;;;
Catia Werneck;;;;;
Off Broadway;;;;;
Hélio Ziskind;;;;;
Memphis Minnie;;;;;
Steel Pulse;;;;;
Mississippi John Hurt;;;;;
Caspa;;;;;
Pacha Massive;;;;;
Kardinal Offishall / Keri Hilson;;;;;
THE COOKIES;;;;;
Peppermint Creeps;;;;;
M Sane;;;;;
Oesch's die Dritten;;;;;
Vanessa Daou;;;;;
Dark Fortress;;;;;
Gloria;;;;;
Wilshire;;;;;
Legacy Five;;;;;
Seal;;;;;
Nickelback;;;;;
Angélica María;;;;;
Nicholas Hooper;;;;;
The Ocean;;;;;
Los Solitarios;;;;;
Glen Washington;;;;;
Josh Groban;;;;;
Josh White;;;;;
The Paynes;;;;;
Bacilos;;;;;
4Him;;;;;
Scalplock;;;;;
Juggler;;;;;
Cursed;;;;;
The Fever;;;;;
KRS-One;;;;;
Carlos Vives;;;;;
Tito Rodriguez_ Louie Ramirez;;;;;
Margaret Smith;;;;;
Wilks featuring doniki;;;;;
John Tchicai;;;;;
Toots Thielemans;;;;;
Tad;;;;;
Black Eyed Peas / Les Nubians / Mos Def;;;;;
The Frequency;;;;;
Giorgos Tsalikis;;;;;
MDO;;;;;
Leigh Jones;;;;;
Between The Buried And Me;;;;;
Tania Maria;;;;;
Massiel;;;;;
Micachu;;;;;
Static-X;;;;;
Paso Doble;;;;;
Webb Wilder;;;;;
Gruppo Jazz Marca;;;;;
Atman;;;;;
Shakedown;;;;;
Parachute Band;;;;;
Leonid Rudenko;;;;;
Wilmington Chester Mass Choir;;;;;
Stewart Francke;;;;;
James Last;;;;;
5th Ward Boyz;;;;;
Bill Perkins;;;;;
Spliff;;;;;
Rachel Portman;;;;;
Miossec;;;;;
Memphis Sheiks;;;;;
Atari Teenage Riot;;;;;
My Chemical Romance;;;;;
Sleepy John Estes;;;;;
The Mad Capsule Markets;;;;;
Roger Williams;;;;;
Alice Cooper;;;;;
Aiden;;;;;
Cal Tjader;;;;;
Zaïko Langa Langa;;;;;
Rebecca Lynn Howard;;;;;
Dive;;;;;
Brand X;;;;;
Virtuoso;;;;;
Karen Peck And New River;;;;;
Judy Mowatt;;;;;
Paul Rodgers;;;;;
David Cook;;;;;
Knack;;;;;
Mulberry Lane;;;;;
Liars;;;;;
Naseebo Lal_ Arif Lohar;;;;;
DJ Taz;;;;;
Gabriel Yared;;;;;
Starless & Bible Black;;;;;
Gustavo A. Santaolalla;;;;;
Widespread Bloodshed;;;;;
Smut Peddlers;;;;;
Afrob feat. Sarah;;;;;
Shinehead;;;;;
Milo;;;;;
Zeca Baleiro;;;;;
Ol' Dirty Bastard;;;;;
The Lord Weird Slough Feg;;;;;
Six Brown Brothers;;;;;
Mario Garcia;;;;;
Eddie Jones;;;;;
Audio Adrenaline;;;;;
Zuma;;;;;
Nick Conolly;;;;;
Rupa & the April Fishes;;;;;
Vitamin C;;;;;
Freddie King;;;;;
Amoral;;;;;
Steve Vai;;;;;
K's Choice;;;;;
The Fabulous Thunderbirds;;;;;
Wang Chung;;;;;
Tex Williams;;;;;
Faithless;;;;;
Jo Privat;;;;;
Marion Harris;;;;;
Ice Cube;;;;;
Rick Astley;;;;;
US Coast Guard Band;;;;;
Lollipop Lust Kill;;;;;
Georges Brassens;;;;;
Chariots;;;;;
Apache Indian;;;;;
J. Karjalainen & Mustat Lasit;;;;;
Kari Tapio;;;;;
Mink DeVille;;;;;
Steve Chou;;;;;
Cantara;;;;;
Mongo Santamaria;;;;;
Vincenzo Bellini;;;;;
Christian Quast;;;;;
Evolution;;;;;
Theodor Zox;;;;;
Mix Mob;;;;;
Erja Lyytinen;;;;;
Cake;;;;;
Gustavo Cerati;;;;;
Oldelaf et Monsieur D;;;;;
Goldfinger;;;;;
The Embarrassment;;;;;
Tiny Bradshaw;;;;;
André Verchuren;;;;;
Latif;;;;;
Otis Spann;;;;;
Matteo Bonfanti e i maledetti;;;;;
Naseebo Lal;;;;;
Bénabar;;;;;
Beyoncé;;;;;
A Perfect Murder;;;;;
Michael Stanley Band;;;;;
Talvin Singh;;;;;
Solomon;;;;;
Curtis;;;;;
Toby Emerson;;;;;
Deep Forest;;;;;
Tampa Red;;;;;
Every Time I Die;;;;;
Lifer;;;;;
The Dee Jays;;;;;
Diamond D;;;;;
Corona;;;;;
The White Stripes;;;;;
2Fresh;;;;;
Ndala Kasheba;;;;;
Joe McBride;;;;;
Lady Saw;;;;;
The Stranglers;;;;;
Hot Club Of Detroit;;;;;
Funeral For A Friend;;;;;
Lyrics Born;;;;;
George Michael;;;;;
Tulipunaruusut;;;;;
The Vaughan Brothers;Stevie Ray Vaughan;Jimmy Vaughan;;;
Babe Ruth;;;;;
Joe Satriani;;;;;
Charlie Haden & Chris Anderson;;;;;
Rokia Traoré;;;;;
Speaker;;;;;
Christos Kedras;;;;;
Michael Gettel;;;;;
Restless Heart;;;;;
David Evans;;;;;
Will Pan;;;;;
Uriah Heep;;;;;
Stress Assassin;;;;;
Margaret Becker;;;;;
Abracadabra;;;;;
Orchids;;;;;
Juan Carlos Baglietto;;;;;
Sugarbomb;;;;;
Bounty Killer;;;;;
Mago de Oz;;;;;
Quinteto Violado;;;;;
Dead To Me;;;;;
Paloalto;;;;;
Darryl Worley;;;;;
Mykill Miers;;;;;
Jarvis Church;;;;;
Damita Jo;;;;;
Ministère des Affaires Populaires;;;;;
Alain Turban;;;;;
2 Minutos;;;;;
April Wine;;;;;
Estrellas Cubanas;;;;;
Al Denson;;;;;
The Chap;;;;;
Máire Brennan;;;;;
Twista;;;;;
Dictators;;;;;
The Accursed;;;;;
Eddy Raven;;;;;
Fabolous;;;;;
Sulk;;;;;
Ben E. King;;;;;
Sergio Franchi;;;;;
The London Pops Orchestra;;;;;
Edwin Hawkins;;;;;
Lonnie Johnson;;;;;
F.l.y.;;;;;
Orbit;;;;;
Bob Dylan;;;;;
Orlando Pops Orchestra;;;;;
Geiom Ft. Marita;;;;;
Rhian Sheehan;;;;;
David Saylor;;;;;
Roy Brown;;;;;
Mest;;;;;
Cumberland Quartet;;;;;
Five Blind Boys of Alabama;;;;;
Blind Willie McTell;;;;;
Hushabye Baby;;;;;
Arco Iris;;;;;
Shania Twain;;;;;
Les Rythmes Digitales/ Tzant Feat. ODC MC;;;;;
Akon;;;;;
Since The Flood;;;;;
Yank Rachell;;;;;
La Mancha De Rolando;;;;;
Larry Graham & Graham Central Station;;;;;
Johnny Pacheco/Rolando La Serie;;;;;
Barley Bree;;;;;
Carl Smith;;;;;
Storyville;;;;;
Tony Martin;;;;;
Jah Cure;;;;;
James Carter;;;;;
Mithotyn;;;;;
Beres Hammond;;;;;
UK Subs;;;;;
Embrace the End;;;;;
Steve Green;;;;;
Marc Perrone;;;;;
Leonardo Favio;;;;;
Patrick Bruel;;;;;
Julie Zenatti;;;;;
Los Tres Diamantes;;;;;
Small Facers;;;;;
Michael Landau;;;;;
Jack Sheldon;;;;;
Handsome Boy Modeling School;;;;;
Maire Brennan;;;;;
Major Lance;;;;;
Doyle Bramhall;;;;;
Fall Out Boy;;;;;
Deckard;;;;;
Bedwetters;;;;;
The Refreshments;;;;;
Organ Donors;;;;;
Mirah;;;;;
Charlie Byrd / Laurindo Almeida;;;;;
Clarisse Lavanant;;;;;
The Skabs;;;;;
Kassav';;;;;
BeauSoleil;;;;;
Michelle Tumes;;;;;
Olivier Messiaen;;;;;
From Autumn To Ashes;;;;;
The Jackson Southernaires;;;;;
Redman / Hurricane G / Melanie Rutherford;;;;;
Cristy Lane;;;;;
Humble Pie;;;;;
Patton Oswalt;;;;;
Barrio Obrero;;;;;
Supertalented;;;;;
45 Grave;;;;;
Roommate;;;;;
Brian Tyler;;;;;
Orquesta Aragon;;;;;
Brian Eno And David Byrne;;;;;
Edu Lobo;;;;;
Gang Starr;;;;;
Nestor Torres;;;;;
Philip Glass;;;;;
Stephan Micus;;;;;
Edmond Leung;;;;;
Janice Robinson;;;;;
The Aftermath;;;;;
Coldplay;;;;;
ZO2;;;;;
Ed Byrne;;;;;
Andrew W.K.;;;;;
Onyx;;;;;
Burning Spear;;;;;
Methods Of Mayhem / Scott Kirkland;;;;;
Bryan Ferry;;;;;
BLEED THE SKY;;;;;
Fred Locks;;;;;
Sasha;;;;;
Dolores Keane;;;;;
Lauren Wagner & Fred Weldy;;;;;
Mr. Sancho;;;;;
Tony Danza Tap Dance Extravaganza_ The;;;;;
Hurricane;;;;;
Adolph Hofner;;;;;
Charlie McCoy;;;;;
Alex Gopher;;;;;
Cockney Rejects;;;;;
D.O.W.N.;;;;;
SOL;;;;;
Philip Bailey;;;;;
Lee Michaels;;;;;
Mr. Lif;;;;;
Felix Slatkin/Concert Arts Symphonic Band;;;;;
Cherrelle;;;;;
Petra;;;;;
Yamandu + Dominguinhos;;;;;
The Paul Butterfield Blues Band;;;;;
Arsonists Get All The Girls;;;;;
Hot Wire;;;;;
Patrick Saint-Eloi;;;;;
Evergreen Terrace;;;;;
James Ingram;;;;;
Danilo Perez / Claus Ogerman;;;;;
Jean-Yves Thibaudet / Gewandhausorchester Leipzig / Herbert Blomstedt;;;;;
Crabby Appleton;;;;;
Dave Rave_ Mark McCarron;;;;;
Remi Nicole;;;;;
André Blot;;;;;
All Leather;;;;;
Billy Bragg;;;;;
Little Milton;;;;;
Junior Jack;;;;;
Lil Boosie;;;;;
Candlebox;;;;;
Mark Lowry;;;;;
Marisela;;;;;
The Oh Sees;;;;;
Kitty Kallen;;;;;
Autonomous Bass Heads;;;;;
Cowboy Mouth;;;;;
Jeff Talmadge;;;;;
Dwight Twilley;;;;;
Mägo de Oz;;;;;
Moraes Moreira;;;;;
Darko;;;;;
Plasmatics;;;;;
Stern;;;;;
Yuridia;;;;;
Bryan White;;;;;
Dirty Harry;;;;;
Kurt Tepperwein;;;;;
Gyptian;;;;;
Camp Lo;;;;;
Wonderland;;;;;
Toots & The Maytals;;;;;
Gipsy Kings;;;;;
Patrick Lamb;;;;;
Melvins;;;;;
Stan;;;;;
Los Brujos;;;;;
Janis Joplin;;;;;
Vivian;;;;;
Slipknot;;;;;
Varios;;;;;
Atom;;;;;
Jimmy Wyble;;;;;
Die Symphony;;;;;
Charlie Peacock;;;;;
Paul Geremia;;;;;
Walter Trout;;;;;
Monique Marvez;;;;;
Dancecore Allstars;;;;;
Sean Kingston;;;;;
Blind Lemon Jefferson;;;;;
Mei Chi Chiang;;;;;
Sergio Dalma;;;;;
Zombina & The Skeletons;;;;;
The Jane Shermans;;;;;
Bon Jovi;;;;;
Dan Shen_ Gruppo Vocale Cantemus_ Ensemble Airone_ Luigi Marzola;;;;;
Bescenta;;;;;
"Dave ""Baby"" Cortez";;;;;
Bloomfield;;;;;
John Debney;;;;;
Rakim;;;;;
Tommy James And The Shondells;;;;;
Coraleena Ellis;;;;;
The Chieftains;;;;;
Count Ossie;;;;;
Elmer Bernstein;;;;;
Peter Spence;;;;;
Vusi Mahlasela;;;;;
Marimba Alma De Chiapas De Juan Palacios;;;;;
Jeff Wahl;;;;;
Kapelle Herrenweide;;;;;
Jamie Richards;;;;;
Marcelo Radulovich;;;;;
Antonio Koudele;;;;;
Sonic Subjunkies;;;;;
Lizzy Borden;;;;;
John Stevens;;;;;
Eddie Turner;;;;;
Pretty Boy Floyd;;;;;
Chris Rodriguez;;;;;
Neeme Jarvi;;;;;
Jack Off Jill;;;;;
NAZCA PERU;;;;;
Sheila Walsh;;;;;
John Hiatt;;;;;
Kool Moe Dee;;;;;
Desert Dwellers;;;;;
D.A.D.;;;;;
The Merry Macs;;;;;
Pinch feat. Rudey Lee;;;;;
The Tragically Hip;;;;;
Scott Krippayne;;;;;
Flowin Immo et Les Freaqz;;;;;
Bebo Norman;;;;;
Photek;;;;;
Isabel Pantoja;;;;;
Orquesta Sublime;;;;;
Juanes;;;;;
Bobby Pulido;;;;;
Alex Fong;;;;;
Gustavo Santaolalla;;;;;
Isaacs;;;;;
Mike And The Mechanics;;;;;
In Extremo;;;;;
Who Made Who;;;;;
Don Francisco;;;;;
Mavado;;;;;
Doug Sahm Tex Mex Trip;;;;;
Hanoi Rocks;;;;;
Nicola Fasano feat. Paula B.;;;;;
Staatskapelle Dresden/Herbert Blomstedt;;;;;
Ocho y Media;;;;;
Danny Elfman;;;;;
Frank Ifield;;;;;
Clara Nunes;;;;;
Fyah Blaze;;;;;
Gonzalo Rubalcaba;;;;;
Cam'Ron / Juelz Santana;;;;;
Minipop;;;;;
Jeff Beck Group;;;;;
Katie Armiger;;;;;
The Del McCoury Band;;;;;
F4;;;;;
Dhamika;;;;;
K.T. Oslin;;;;;
Taste;;;;;
Cece Winans;;;;;
Joanna Connor;;;;;
The LeRoi Brothers;;;;;
Year Long Disaster;;;;;
Sam Fan Thomas;;;;;
Jimmy McGriff;;;;;
Dobet Gnahoré;;;;;
Terminal 11 feat. b.b0Nd;;;;;
Smidi Beats;;;;;
Red I Flight;;;;;
Adrenaline;;;;;
3 Steps Ahead;;;;;
Cool cavemen;;;;;
Roni Size;;;;;
Singing Melody Feat. Robyn;;;;;
Sneaky Sound System;;;;;
Los Titanes;;;;;
Whitney Cummings;;;;;
Nando Lauria;;;;;
Danny Wright;;;;;
Leon Russel;;;;;
Ross;;;;;
Oak Ridge Boys;;;;;
Kerson;;;;;
João Gilberto / Gilberto Gil / Caetano Veloso;;;;;
Army of the Pharoahs;;;;;
Jean Gabin;;;;;
The Beatles;;;;;
Streetwize;;;;;
Cheo Feliciano;;;;;
Screamin' Jay Hawkins;;;;;
A-Studio;;;;;
Bellatrax feat. Tina Cousins;;;;;
Forensics;;;;;
Bobby Capo;;;;;
Sandy Posey;;;;;
Kathleen Madigan;;;;;
Radney Foster;;;;;
A Challenge Of Honour;;;;;
Ed Calle;;;;;
Johnny Keating & All Stars;;;;;
Boards of Canada;;;;;
MU330;;;;;
Ed Ames;;;;;
Ron Goodwin;;;;;
George Nooks;;;;;
Bela Fleck And The Flecktones;;;;;
P.o.d;;;;;
Linkin Park;;;;;
The Roots;;;;;
The Flies;;;;;
EPMD;;;;;
Bruce BecVar;;;;;
Deborah Coleman;;;;;
Time Factory;;;;;
Los Auténticos Decadentes;;;;;
Deathstar;;;;;
Mindy McCready;;;;;
Bobby Russell;;;;;
Lisa Lisa & Cult Jam (featuring Full Force);;;;;
Sugarman Three;;;;;
Gisele MacKenzie;;;;;
Faking David;;;;;
Eric Burdon;;;;;
Bukka White;;;;;
Foxy Brown / Total;;;;;
:Blacks On :Blondes;;;;;
David Gilmour Featuring Richard Wright;;;;;
Seven Mary Three;;;;;
Irini Merkouri;;;;;
Johnny Pearson;;;;;
The Jets & The Sharks & Leonard Bernstein&The New York Philharmonic Orchestra;;;;;
Alexis HK;;;;;
Tha Liks featuring King T;;;;;
The Family Stand;;;;;
Buddy Johnson;;;;;
Peter Tosh;;;;;
Blind Willie Johnson;;;;;
Onesidezero;;;;;
Fito Paez;;;;;
Wet Wet Wet;;;;;
Lou Reid & Carolina;;;;;
Chris Vickery;;;;;
Riviera Regime;;;;;
Kool Keith;;;;;
Kanye West / Adam Levine;;;;;
Lou Ann Barton;;;;;
Alejandro Lerner;;;;;
Cannon's Jug Stompers;;;;;
The Ghost Of Lemora;;;;;
Robin Frederick;;;;;
Y&T;;;;;
Rev. Timothy Wright;;;;;
Earl Hooker;;;;;
Michèle Bernard;;;;;
Billy Butler;;;;;
Usher;;;;;
Yodi's;;;;;
Shade Sheist / DJ Vice / DJ Echo / Damizza;;;;;
A Tribe Called Quest;;;;;
Cobra Killer;;;;;
Nicholas;;;;;
Tel Basta;;;;;
Teenage Fanclub;;;;;
Epidemic;;;;;
Deodato;;;;;
Jeff & Sheri Easter;;;;;
Kary Ng;;;;;
Malina;;;;;
Steve Smith;;;;;
Cedric Gervais Featuring Caroline;;;;;
The King Sisters & Alvino Rey;;;;;
Suzi Quatro;;;;;
Humanzi;;;;;
Gene Latter;;;;;
Billy May & His Orchestra;;;;;
Kurupt_ Rosco_ Jayo Felony & 40 Glocc;;;;;
Christie Hennessy;;;;;
The Jeremy Spencer Band;;;;;
Candy Lo;;;;;
Flamin' Groovies;;;;;
Roberto Roena;;;;;
Tum Tum [DJ Drop Mix];;;;;
Rocio Jurado;;;;;
Salieri;;;;;
Royal S;;;;;
Buckwheat Zydeco;;;;;
Charley Pride;;;;;
Louis Prima & Keely Smith;;;;;
Yami Bolo;;;;;
Killswitch Engage;;;;;
Crazy Girl;;;;;
Memphis Jug Band;;;;;
Juan Farcik;;;;;
Saigon Kick;;;;;
Nicho Hinojosa;;;;;
Incubus;;;;;
Ramón Vargas;Vesselina Kasarova;Vladimir Jurowski;;;
King Curtis with Jack Dupree;;;;;
Omni;;;;;
Orchestra e Coro del Palacio de Bellas Artes Di Cittá del Messico_ Oliviero De Fabritiis_ Maria Call;;;;;
Giuseppi Logan;;;;;
Radio Moscow;;;;;
Alacranes Musical;;;;;
Tina Ann;;;;;
The Elders;;;;;
Stille Volk;;;;;
F-4;;;;;
Doug MacLeod;;;;;
Jimmy Hughes;;;;;
Emotion Code;;;;;
L7;;;;;
Bill Perry;;;;;
Billy Price_ Fred Chapellier;;;;;
Corey / Shaquille O'Neal;;;;;
Hatebreed (int License);;;;;
Moments In Grace;;;;;
Connie Smith;;;;;
Uphill Battle;;;;;
Barbara Fairchild;;;;;
Wilks featuring pee wee ellis;;;;;
Dave And Ansel Collins;;;;;
DÉSOLÉ;;;;;
Pascal Obispo;;;;;
Bob Sinclar;;;;;
Buddy Miles;;;;;
Mau Mau;;;;;
Cocoa Tea;;;;;
Claw Hammer;;;;;
Carlos Jimenez;;;;;
Kashief Lindo;;;;;
The Almost;;;;;
Alas;;;;;
Sofi Marinova;;;;;
Los Ninos De Sara;;;;;
The Gentle Good;;;;;
Small Faces;;;;;
Tom Collier;;;;;
Heavenly;;;;;
Los Morros Del Norte;;;;;
Moon Mullican;;;;;
Yuko Kanzaki;;;;;
Moonface;;;;;
30 Seconds To Mars;;;;;
Grace Gale;;;;;
King Tee;;;;;
Cauda Pavonis;;;;;
Geddy Lee;;;;;
Planetakis;;;;;
Rick Ross;;;;;
The Fureys;;;;;
Jim Jones / Max B;;;;;
Simply Red;;;;;
Juana Molina;;;;;
Mothers Pride;;;;;
Byzantine;;;;;
Halfway to Gone;;;;;
Jacques Douai;;;;;
The Steeles;;;;;
Beherit;;;;;
Nick Colionne;;;;;
SNAP!;;;;;
Hermeto Pascoal;;;;;
Lauren Wood;;;;;
Ray Pillow;;;;;
Baby Bash;;;;;
Mariah Carey;;;;;
Frankie J;;;;;
Vangelis;;;;;
Maria Bamford;;;;;
Rubyhorse;;;;;
Flora Purim;;;;;
Elizabeth Cotten;;;;;
Tommy McLain;;;;;
David Lynch;;;;;
Eluveitie;;;;;
Dark Party;;;;;
Janet Jackson;;;;;
Albin Myers;;;;;
Hot Live Guys;;;;;
Kanda Bongo Man;;;;;
Múm;;;;;
Alex;;;;;
Keb'Mo';;;;;
Rachael Lampa;;;;;
David Zinman;Pittsburgh Symphony Orchestra;;;;
Sofia Karlsson;;;;;
Mystic Rhythms Band;;;;;
Epitaph;;;;;
Rodney O_ Joe Cooley;;;;;
Robert Palmer;;;;;
Sigmatropic;;;;;
Neon Blonde;;;;;
Soul Ballet;;;;;
Milk Inc.;;;;;
Mario Piu';;;;;
Joy Division;;;;;
Bob Crosby;;;;;
The Frantic;;;;;
Ruffneck;;;;;
Devo;;;;;
The Perrys;;;;;
The Jets;;;;;
Dolce; Orange Factory;;;;
Tin Hat Trio;;;;;
Venice;;;;;
Smash Palace;;;;;
Dave Brockie Experience;;;;;
Bow Wow Wow;;;;;
Ashton Shepherd;;;;;
Lonnie Brooks;;;;;
I Wayne;;;;;
Jazzy B;;;;;
Coffinberry;;;;;
Janitor Joe;;;;;
Young-Holt Unlimited;;;;;
Brent Lamb;;;;;
Vodka Collins;;;;;
Brenda Boykin;;;;;
Faith Yang;;;;;
Roger Reynolds;;;;;
Jim Reeves;;;;;
Ketty DB;;;;;
Gov't Mule;;;;;
Sir Douglas Quintet;;;;;
Bad Azz;;;;;
Kitty Wells;;;;;
Defect & Quixotic;;;;;
Rockin' Dopsie_ Jr.;;;;;
She Satellites;;;;;
Saman;;;;;
Smart Alex;;;;;
AFS;;;;;
Tsar;;;;;
Dave Valentin;;;;;
Jimmy Burns;;;;;
Claire Elzière;;;;;
Luke Vibert;;;;;
Ice;;;;;
Spiral Stairs;;;;;
Rea_ Chris;;;;;
Lifehouse;;;;;
Ricardo Arjona;;;;;
Tyrone Wells;;;;;
John Sebastian;;;;;
Concretes;;;;;
Izzy Stradlin And The Ju Ju Hounds;;;;;
Don Campbell;;;;;
Cotton Candy;;;;;
Frank Marino & Mahogany Rush;;;;;
John Wayne;;;;;
The Incurables;;;;;
Bert Kaempfert;;;;;
H-Town;;;;;
Voyager Series;;;;;
JERRY WALLACE;;;;;
Beenie Man Featuring Janet Jackson;;;;;
Morgion;;;;;
Wild Horses;;;;;
Malefaction;;;;;
Jope Ruonansuu;;;;;
Charlie Walker;;;;;
Slum Village;;;;;
Youves;;;;;
Cats In Boots;;;;;
Firehouse;;;;;
The Panic Channel;;;;;
Ismael Dueñas;;;;;
The Galactic Heroes;;;;;
FU-Schnickens;;;;;
Anané;;;;;
Rocker-T;;;;;
Ana Popovic;;;;;
Baby D;;;;;
Lunasicc;;;;;
Juelz Santana / Bezel;;;;;
The Fontane Sisters;;;;;
The Cure;;;;;
I Nuovi Angeli;;;;;
Joshua Rifkin;;;;;
Art Blakey's Jazz Messengers;;;;;
Paul Glazby;;;;;
Patti Smith;;;;;
Saga;;;;;
Vrse Murphy;;;;;
Luke Bryan;;;;;
Thriller U;;;;;
Lennie Tristano;;;;;
Dead Kennedys;;;;;
Twinkle Twinkle Little Rock Star;;;;;
Cut Copy;;;;;
Salt The Wound;;;;;
The Cars;;;;;
De La Soul / MF Doom;;;;;
Mississippi Mass Choir;;;;;
The Ruby Suns;;;;;
Schoolyard Heroes;;;;;
Mannheim Steamroller;;;;;
ColdWorld;;;;;
David Banner;;;;;
Paul Cantelon;;;;;
Richard Lloyd;;;;;
June Hutton;;;;;
Rainbow;;;;;
Marc Et Claude;;;;;
Pee Wee Crayton;;;;;
Fläskkvartetten / Thåström;;;;;
Ancient Astronauts;;;;;
Symphony in Peril;;;;;
Greg Vaccariello;;;;;
Mike Brooks;;;;;
This Moment;;;;;
The Chi-Lites;;;;;
Jerry Lewis;;;;;
Stephen Marley / Damian Marley;;;;;
Charlie Khan;;;;;
Steinski;;;;;
Chuck Wicks;;;;;
Lexi;;;;;
Tommy Sands;;;;;
DJ Harry;;;;;
Diamanda Galas;;;;;
Black Eyed Peas / Terry Dexter;;;;;
Beenie Man;;;;;
Be Bop Deluxe;;;;;
Rolfe Kent;;;;;
Nu Flavor;;;;;
ISRAEL & NEW BREED;;;;;
P.O.D.;;;;;
Mystery;;;;;
Eko Fresh;;;;;
Buju Banton;;;;;
Alvin Youngblood Hart;;;;;
Gene Chandler;;;;;
Walter Jackson; Arranged & conducted by Riley Hampton;;;;
J Bostron & Beretta;;;;;
Mark Ashley;;;;;
Cindy Morgan;;;;;
Generation X;;;;;
Laidback Luke & Diplo;;;;;
The Edgar Broughton Band;;;;;
Aleks Syntek;;;;;
Los Del Rio;;;;;
Wes King;;;;;
Teijo Joutsela and Humppa-Veikot;;;;;
Jefferson Starship;;;;;
Ronny Eriksson;;;;;
John Mayall;;;;;
Attack Attack;;;;;
Mighty Mighty Bosstones;;;;;
The Booth Brothers;;;;;
Vivian Khor;;;;;
Anne Dudley;;;;;
The Mustangs;;;;;
Paul Simon;;;;;
Eberhard Weber;;;;;
Jimmy Herring;;;;;
The Continentals;;;;;
Neil Diamond;;;;;
The Chieftains;Colin James;;;;
Joe Turner_ Joe Houston_ L. C. Williams;;;;;
J.B. Lenoir;;;;;
Screaming Jay Hawkins;;;;;
The Ataris;;;;;
Sharon Burch;;;;;
Koffi Olomidé;;;;;
Svartthron;;;;;
The Rongetz Foundation;;;;;
Bob Marley & The Wailers;;;;;
Claude François;;;;;
The Cate Brothers;;;;;
Tracy Byrd;;;;;
Jean Segurel;;;;;
Fran Perea;;;;;
Maria Muldaur;;;;;
Mustafa Sandal;;;;;
Johannes Linstead;;;;;
Dorothy Norwood;;;;;
Fania All Stars;;;;;
Big John Greer;;;;;
Jaguares;;;;;
Carman featuring Commissioned & The Christ Church Choir;;;;;
Raphael;;;;;
Sammi Cheng;;;;;
Cargo Cult;;;;;
Lord Sterling;;;;;
Gerard Lenorman;;;;;
Novika;;;;;
Eldar;;;;;
Eason Chan;;;;;
Hey Colossus;;;;;
Sonora Carruseles;;;;;
Mobb Deep featuring Nate Dogg;;;;;
DJ Spinn and DJ Rashad;;;;;
Jose Luis Perales;;;;;
El Poder del Norte;;;;;
Tony Matterhorn;;;;;
Kisha;;;;;
Ana Nikolic;;;;;
4 Skins;;;;;
Zapp;;;;;
Ximena Sarinana;;;;;
Busta Rhymes;;;;;
Fontella Bass;;;;;
Rhinostar;;;;;
Old Man's Child;;;;;
Patty Griffin;;;;;
Aeoliah;;;;;
Space Opera;;;;;
Through the Eyes of the Dead;;;;;
Johnny Otis;;;;;
Finest Dearest;;;;;
Neema;;;;;
Sound 5;;;;;
Jorgen Ingmann;;;;;
Sean Callery;;;;;
Jesus Otero - Luny Tunes;;;;;
Fergie;;;;;
The Doors;;;;;
Erick Sermon;;;;;
Scott Glasgow;;;;;
Poncho Sanchez;;;;;
Livingston Taylor;;;;;
Fortitude;;;;;
R. Carlos Nakai;;;;;
Joe Grushecky;;;;;
Spitfire;;;;;
Equilibrium;;;;;
Kat DeLuna;;;;;
Artie Fishel & The Promised Band;;;;;
Johnny Horton;;;;;
XLNC;;;;;
Champion Jack Dupree With TS McPhee;;;;;
Enrique Iglesias;;;;;
Esa Pakarinen;;;;;
The Plasmatics;;;;;
Amy Lambert;;;;;
Torcuato Mariano;;;;;
Dobby Dobson;;;;;
Baby Bash / Grimm;;;;;
Chops;;;;;
Martriden;;;;;
Fredi;;;;;
Sandy Lam;;;;;
Patsy Cline;;;;;
D:Fuse;;;;;
Daryl Hall & John Oates;;;;;
Bad Company;;;;;
Max Steiner;;;;;
Angel Romero;;;;;
Juliette & The Licks;;;;;
Paul Avgerinos;;;;;
Bangalafumenga;;;;;
Angels;;;;;
Prince;;;;;
Diego Verdaguer;;;;;
Cavo;;;;;
Bruisers;;;;;
The Highwaymen;;;;;
Joselito;;;;;
AFI;;;;;
Lil Mz. 313 featuring DJ Rashad;;;;;
Snowgoons;;;;;
Jah Legacy;;;;;
The Cufflinks;;;;;
Dimitri Tiomkin;;;;;
Pheeroan Aklaff;;;;;
Olivia Ruiz;;;;;
Rick Snel;;;;;
Raymond Lefèvre;;;;;
Chanta Vielma;;;;;
Undertakin' Daddies;;;;;
Papoose;;;;;
Plump DJs;;;;;
Konstantinos Galanos;;;;;
Astrovamps;;;;;
Jimmy Durante;;;;;
Jackie Wilson;;;;;
Sao Paris;;;;;
The Meatmen;;;;;
Jimmy Nelson;;;;;
Jacques Dutronc;;;;;
Hotwire;;;;;
The Gufs;;;;;
Eagles;;;;;
Basement Jaxx;;;;;
Mark Wills;;;;;
Weirdos_ The;;;;;
Tree;;;;;
DAVE MATTHEWS BAND;;;;;
George Jones;;;;;
John Berry;;;;;
Abijah;;;;;
Agnostic Front;;;;;
Sick Of It All;;;;;
Très;;;;;
Kenny G;;;;;
Kevin Burke;;;;;
Sean Quinn;;;;;
Oscar Pettiford;;;;;
Fuel;;;;;
Marc Lavoine;;;;;
Frederick Knight;;;;;
Phantom Planet;;;;;
Russ Morgan;;;;;
Hoods;;;;;
Grand Funk;;;;;
Carl Doy;;;;;
Geier Sturzflug;;;;;
Workhorse;;;;;
Deep Puddle Dynamics;;;;;
Zebra;;;;;
The Irish Rovers;;;;;
A Tundra;;;;;
Hank Penny & Sue Thompson;;;;;
Winds Of Plague;;;;;
Al Duvall;;;;;
Modern Lovers;;;;;
Paul Taylor;;;;;
Atreyu;;;;;
Shelly Manne;;;;;
Amil;;;;;
DJ Godfather;;;;;
Thrice;;;;;
Fehlfarben;;;;;
Andres Calamaro;;;;;
Kruger;;;;;
Albert Préjean;;;;;
Lonestar;;;;;
Freddie McGregor;;;;;
Amber Nicholson;;;;;
Circle Jerks;;;;;
Arctic Monkeys;;;;;
Kofi;;;;;
Gene Simmons;;;;;
SANSHIRO;;;;;
Death SS;;;;;
Lou Reed;;;;;
Daniel Chan;;;;;
Alain-François;;;;;
Los Rumberos Catalanes;;;;;
Cam'Ron;;;;;
Paulo Flores;;;;;
Philly's Most Wanted;;;;;
Phantomsmasher;;;;;
Bas-Sheva;;;;;
Big Star;;;;;
Grandpa Jones;;;;;
Cross Country;;;;;
Jack Miles;;;;;
The Marx Brothers;;;;;
Bug Mafia;;;;;
Converge;;;;;
Drexel;;;;;
Cool Connection;;;;;
Taylor Swift;;;;;
Nancy Walker;;;;;
Misfits;;;;;
Jyve V;;;;;
Ino;;;;;
Cherish The Ladies;;;;;
Eden's Bridge;;;;;
Abbott & Chambers;;;;;
Al DiMeola;;;;;
Twista & The Speedknot Mobstaz;;;;;
The Revolutionary Ensemble;;;;;
Leroy Van Dyke;;;;;
Peggy Lee;;;;;
Lightnin' Slim;;;;;
Randy Stonehill;;;;;
Mathey;;;;;
Elli Kokkinou;;;;;
David Arkenstone;;;;;
Pierre Perret;;;;;
Ben Sidran;;;;;
Soilent Green;;;;;
Long Beach Dub Allstars;;;;;
New York Dolls;;;;;
3 Way Funk;;;;;
Freddie Roulette;;;;;
Noel Harrison;;;;;
Liquid Stranger;;;;;
Spok Frevo Orquestra;;;;;
Bob Newhart;;;;;
Boney James And Rick Braun;;;;;
Beastie Boys;;;;;
Academy/Marriner;;;;;
Daouda;;;;;
Ace Da Vinci;;;;;
Andrae Crouch;;;;;
The Bug Featuring Ricky Ranking;;;;;
All Girl Summer Fun Band;;;;;
Madonna;;;;;
Louisa Mark;;;;;
Cookie Crew;;;;;
Michael Salgado;;;;;
Brainchoke;;;;;
León Gieco;;;;;
Moving Ninja;;;;;
KT Tunstall;;;;;
Hound Dog Taylor and The Houserockers;;;;;
Tony Mathews;;;;;
La Billo_ Los Melódicos;;;;;
Screaming Lord Sutch;;;;;
Sylvia Tosun;;;;;
Pinch;;;;;
Dave Weckl;;;;;
Jacky Cheung;;;;;
Grayson Capps;;;;;
Café Quijano;;;;;
The Misfits;;;;;
"Clarence ""Gatemouth"" Brown";;;;;
The London Theatre Orchestra;;;;;
DJ Isaac;;;;;
X-tv;;;;;
Scott Weiland;;;;;
Beto y sus Canarios;;;;;
Bravehearts;;;;;
Robin Fox;;;;;
Deborahe Glasgow;;;;;
The Statler Brothers;;;;;
Vex'd;;;;;
The Kings;;;;;
Daler Mehndi;;;;;
Lil' Romeo;;;;;
Shunza;;;;;
Annie Blanchard;;;;;
La Bergère;;;;;
CoCo Lee;;;;;
The Last Days Of Jesus;;;;;
Dyango;;;;;
Ty Herndon;;;;;
The Knife;;;;;
Chris Jagger;;;;;
A-FS;;;;;
Kieran;;;;;
REX ALLEN JR.;;;;;
Danny Davis & The Boys;;;;;
Sugar Ray;;;;;
DJ Omega;;;;;
Viki Mosholiou;;;;;
The All-American Rejects;;;;;
Vox Dei;;;;;
Tony Ashton & Friends;;;;;
Sinch;;;;;
MIMS;;;;;
The James Taylor Quartet;;;;;
Pedro Luis e a Parede;;;;;
The Clancy Brothers;Tommy Makem;;;;
Double Image;;;;;
Gorki;;;;;
The Mars Volta;;;;;
Lynn August;;;;;
POLINA;;;;;
Karlheinz Stockhausen;;;;;
Nicola Fasano;;;;;
Jennifer Clarke;;;;;
brokeNCYDE;;;;;
Richie McDonald;;;;;
Barenaked Ladies;;;;;
Nightswimmer;;;;;
99 Posse;;;;;
Ms. Dynamite / Bounty Killer;;;;;
Pierre Boulez;;;;;
Assassin;;;;;
Doug Sahm;;;;;
Max Stalling;;;;;
Deepest Blue;;;;;
Cactus;;;;;
Bob Cheevers;;;;;
Wesley Tuttle;;;;;
Toni Braxton;;;;;
Brice Kapel;;;;;
DJ Deeon;;;;;
J.J. Cale & Eric Clapton;;;;;
Yiannis Tassios;;;;;
MICHAEL WHITE;;;;;
Ricardo Lemvo;;;;;
Joe Bataan;;;;;
Spooky Tooth;;;;;
Larytta;;;;;
Kuba;;;;;
Reginaldo Bessa;;;;;
Patrick St-Eloi;;;;;
Mazz;;;;;
Catupecu Machu;;;;;
Asure;;;;;
Jorge Alfano;;;;;
Stefon Harris;;;;;
D.A.R.;;;;;
Junior Parker;;;;;
Cheri Keaggy;;;;;
Cassidy;;;;;
The Shamrock Singers;;;;;
Jessica Simpson featuring Lil Bow Wow;;;;;
Electronic pig;;;;;
Eduardo Fernandez / Norbert Blume / English Chamber Orchestra / George Malcolm;;;;;
Jane's Addiction;;;;;
Noisettes;;;;;
Pete Miser;;;;;
Mungo Jerry;;;;;
Grup Knar;;;;;
Amilcar;;;;;
Wyclef Jean;;;;;
The Distillers;;;;;
The Robert Cray Band;;;;;
Jacques Higelin;;;;;
Indica;;;;;
Pagan Wanderer Lu;;;;;
Eduardo Dusek;;;;;
Why?;;;;;
Hi-Tack;;;;;
Kékélé;;;;;
Hank Penny;;;;;
Dealership;;;;;
Frankie Howard;;;;;
Freakhouse;;;;;
The Smashing Pumpkins;;;;;
Starski and Clutch;;;;;
Gaither Vocal Band;;;;;
Big Mountain;;;;;
Kommunity FK;;;;;
Richi M.;;;;;
Foghat;;;;;
Tim Hughes;;;;;
DJ Icey;;;;;
Babbu Maan;;;;;
Yuppie Pricks;;;;;
Ramón Vargas;;;;;
Barbara Jones;;;;;
Sirka Ragnar;;;;;
Richard Walters;;;;;
It Dies Today;;;;;
Richie Ray & Bobby Cruz;;;;;
Les Paul_ Mary Ford;;;;;
Little Brother;;;;;
Vaggelis Perpiniadis;;;;;
Charlie Byrd Trio;;;;;
Herb Alpert And The Tijuana Brass;;;;;
Glen Ricks;;;;;
Black Messiah;;;;;
unloco;;;;;
Tanya Chua;;;;;
The Cutting Edge;;;;;
Natalie MacMaster;;;;;
Southside Johnny Lyon;;;;;
Danny Diablo feat. Puerto Rican Myke;;;;;
Blackfoot;;;;;
Smiley;;;;;
Grizzly Bear;;;;;
GARFIELD;;;;;
George Dalaras;;;;;
Manolis Famellos & I Podilates;;;;;
Blondie;;;;;
Darcelys;;;;;
Akon / Kardinal Offishall;;;;;
Red Foley;;;;;
The Weegs;;;;;
Maria Callas/Giuseppe di Stefano/Orchestra del Teatro alla Scala_ Milano/Gianandrea Gavazzeni;;;;;
Yvette;;;;;
Tanika Turner;;;;;
Computer Paul;;;;;
Tomash Gee;;;;;
Bizzy Bone;;;;;
Debra Laws;;;;;
Chapta_ Stage McCloud_ SupaStarr & Tony Manshino;;;;;
The Monroes;;;;;
Red Stick Ramblers;;;;;
Doc & Merle Watson;;;;;
Berrogüetto;;;;;
DMX / Dyme;;;;;
William Goldstein;;;;;
Danger Danger;;;;;
Clay Crosse;;;;;
José Roberto Bertrami;;;;;
Elizete Cardoso;;;;;
Orquesta Harlow;;;;;
Belle and Sebastian;;;;;
Steven Halpern;;;;;
The Russell Family;;;;;
Ya Boy;;;;;
The Harvey Averne Dozen;;;;;
Taking Back Sunday;;;;;
The Clash;;;;;
Mystic Revelation of Rastafari;;;;;
Suzy Thompson;;;;;
Mart'nália;;;;;
Opiate For The Masses;;;;;
Quincy Jones;;;;;
Ministry of Sound;;;;;
Kamelo Punto Semos;;;;;
Les Brown;;;;;
Rooney;;;;;
8Ball & MJG;;;;;
Timothy Byram-Wigfield;;;;;
Jazz Crusaders;;;;;
Faith Hill;;;;;
France D' Amour;;;;;
Kiss;;;;;
Dionne Warwick;;;;;
Swallow The Sun;;;;;
Stanley Clarke & George Duke;;;;;
Dennis Brown;;;;;
Estopa;;;;;
Mark Feldman_ John Taylor_ Anders Jormin_ Tom Rainey;;;;;
Frank Stokes;;;;;
John Wesley Ryles;;;;;
Bobby Broom;;;;;
Alfredo Kraus;;;;;
Junie;;;;;
Los Amigos Invisibles;;;;;
Byron Cage featuring Tye Tribbett;;;;;
Frederic Galliano;;;;;
Room 5;;;;;
Lambda;;;;;
Leona Naess;;;;;
Roger Subirana;;;;;
Vilma E Vampiros Palma;;;;;
Albert King;;;;;
Frankie Negron;;;;;
N.E.R.D.;;;;;
Tresenlesen;;;;;
The All American Rejects;;;;;
Viktor Krauss;;;;;
Dan Cummins;;;;;
Willy DeVille;;;;;
Pescado Rabioso;;;;;
Justin Timberlake;;;;;
Hall & Oates;;;;;
"Ricky Martin Feat. La Mari de ""Chambao";;;;;
White Willow;;;;;
Los Barón De Apodaca;;;;;
Ten Wheel Drive;;;;;
Nerf Herder;;;;;
Vinícius de Moraes;;;;;
Huey Dunbar;;;;;
Sylver;;;;;
Dead Hearts;;;;;
Klubbingman feat. Beatrix Delgado;;;;;
Mawatari Matsuko;;;;;
Harry Diboula;;;;;
Scott Matthews;;;;;
Graham Central Station;;;;;
Pennywise;;;;;
JK;;;;;
Taking Dawn;;;;;
Kurupt;;;;;
Danny Williams;;;;;
Eyes Set to Kill;;;;;
Kol Simcha;;;;;
Ale Möller;;;;;
Jean Carignan;;;;;
The Dells;;;;;
The Dylans;;;;;
The MC5;;;;;
Floyd Cramer;;;;;
Craig Wedren;;;;;
Leon Lai;;;;;
Nybbl;;;;;
Plies;;;;;
Nightfall;;;;;
Fountains Of Wayne;;;;;
The Knightsbridge Strings;;;;;
Juan Diego Flórez / Riccardo Frizza / Orchestra Sinfonica di Milano Giuseppe Verdi;;;;;
Lara Fabian;;;;;
Sun Yan-Zi;;;;;
David Banner / Sky / Marcus;;;;;
Event Horizon;;;;;
Entre Ríos;;;;;
BT feat. JES;;;;;
Arika Kane;;;;;
Oscar Castro-Neves;;;;;
The Cliks;;;;;
Jaci Velasquez;;;;;
Dixie Chicks;;;;;
Tha Liks featuring Defari;;;;;
Cliff Bruner;;;;;
Brigada Victor Jara;;;;;
The Crystal Method;;;;;
Kate Clinton;;;;;
Scissors for Sparrow;;;;;
MyKungFu;;;;;
Liquid Soul;;;;;
Jesus Jones;;;;;
Sanna Nielsen;;;;;
Sin Plomo feat. Boris G.;;;;;
Dax Riggs;;;;;
Grupo Sierra Maestra;;;;;
Ben Jelen;;;;;
Warner mack;;;;;
Roj;;;;;
Jeanne Robertson;;;;;
9th Wonder;;;;;
Cabin Crew;;;;;
Lockwood;;;;;
Fenton Robinson;;;;;
Esser;;;;;
Black Debbath;;;;;
Nicola Fasano Feat. Paula B;;;;;
Happy Mondays;;;;;
Chalk Farm;;;;;
This Or The Apocalypse;;;;;
Rocket From The Tombs;;;;;
Long John Hunter;;;;;
Djelimady Tounkara;;;;;
J.R. Writer_ Jha Jha;;;;;
Mr. Grillo;;;;;
The Hokum Boys;;;;;
Karaoke (Made famous by DMX);;;;;
No Address;;;;;
Nicky B;;;;;
John Stewart;;;;;
Hinge;;;;;
Bottom Of The Hudson;;;;;
Samba Enredo;;;;;
Michèle Crider;Eleonora Jankovic;Vincenzo La Scola;Riccardo Muti;;
This Is Hell;;;;;
Michal;;;;;
Non Phixion;;;;;
Flame;;;;;
Les Bonapartes;;;;;
Royal Bubble Orchestra;;;;;
Tinariwen;;;;;
The Wes Montgomery Trio;;;;;
The Hollywood Brats;;;;;
Klimperei;;;;;
Mars Ill;;;;;
Three-6 Mafia;;;;;
OutKast featuring George Clinton;;;;;
2-Gether feat. Sarinah;;;;;
Terry Muska;;;;;
Mike Vax;;;;;
Commander Cody And His Lost Planet Airman;;;;;
Big Mike Griffin;;;;;
K'Naan;;;;;
Sven Scholander;;;;;
Arthur Fiedler;Earl Wild;Pasquale Cardillo;;;
Miranda Lee Richards;;;;;
Herbstrock;;;;;
Will To Will;;;;;
Rincon Morales;;;;;
Ray Barretto;;;;;
Adrienne Pierce;;;;;
Guitar Slim;;;;;
I.N.T.;;;;;
TEN MADISON;;;;;
Alturas;;;;;
Phil Vassar;;;;;
Patricia Kaas;;;;;
Kyle Eastwood;;;;;
The Cat's Miaow;;;;;
Juelz Santana;;;;;
Gerald Clayton;;;;;
DJ Rashad;;;;;
Dottie Rambo_ The Whites;;;;;
Stickboy;;;;;
Spade Cooley;;;;;
Bruford;;;;;
Joy Kitikonti;;;;;
Simon Harris;;;;;
Sam Baker;;;;;
Bruce Springsteen;;;;;
The Dreamtree Project;;;;;
Iggy Pop;;;;;
Johnny Kidd And The Pirates;;;;;
Daddy Yankee / Bounty Killer;;;;;
Philippe Eidel;;;;;
El Presidente;;;;;
Angel Romero / The Academy of St. Martin in the Fields / Iona Brown;;;;;
Rocky Hill;;;;;
David & Steve Gordon;;;;;
Styles P;;;;;
Harry Connick_ Jr.;;;;;
Sex Machine ft. Shèna;;;;;
Mick Hucknall;;;;;
Farlow-Kirch Band;;;;;
Goldfish;;;;;
Busdriver featuring Abstract Rude & Ellay Khule;;;;;
Pitch Black;;;;;
Rude Boys;;;;;
Charlie Byrd;;;;;
Dr Bombay;;;;;
Sex Machine;;;;;
Cadet;;;;;
The Tokens;;;;;
Devanic;;;;;
Harry Connick_ Jr;;;;;
Los Traileros Del Norte;;;;;
Imiskoubria;;;;;
The Scare;;;;;
Massimiliano Damerini;;;;;
ZENFU;;;;;
Vince Guaraldi Trio;;;;;
Shifty;;;;;
Alex Ubago;;;;;
Alicia Keys;;;;;
The Plimsouls;;;;;
Lil Boosie feat. Bun B_ Trae_ Yo Gotti & Foxx;;;;;
Eyes Cream;;;;;
Melanie And The Secret Army;;;;;
ZombieSuckers;;;;;
PitchBlack;;;;;
LL Cool J / Freeway;;;;;
Ideal;;;;;
Midnight Fish;;;;;
Tijuana Hercules;;;;;
Albert Ayler;;;;;
Monty Are I;;;;;
Cassie;;;;;
Bone Loc;;;;;
David Palmer;;;;;
Catherine Howe & Vo Fletcher;;;;;
The Birds;;;;;
Massive Töne;;;;;
East To West;;;;;
Paquito Guzman;;;;;
M83;;;;;
Polkaholix;;;;;
Marvin Hamlisch;;;;;
Jessica Simpson;;;;;
Jim Breuer;;;;;
Vilma Palma;;;;;
Antimatter;;;;;
Becoming The Archetype;;;;;
Karan Casey;;;;;
Jeckyll & Hyde;;;;;
The Unborn Chikken Voices;;;;;
Kathy Troccoli;;;;;
Kane;;;;;
Amorphis;;;;;
Alexisonfire;;;;;
Aswad;;;;;
Extrabreit;;;;;
Ben Harper And The Blind Boys Of Alabama;;;;;
Sabda Brahma;;;;;
Deitrick Haddon;;;;;
Shapeshifters;;;;;
Cristina Pato - Mutenrohi;;;;;
Capital Tax;;;;;
Francis Dhomont;;;;;
Mick Moloney;;;;;
Groundhogs;;;;;
Mase;;;;;
BoDeans;;;;;
Caniche Hara-Kiri;;;;;
Clarence Fountain;;;;;
Lightnin' Hopkins;;;;;
Vixen;;;;;
Thirst;;;;;
F.I.R.;;;;;
Jay & The Americans;;;;;
Seguridad Social;;;;;
Rajery;;;;;
Johnny Carver;;;;;
Sukhbir;;;;;
Beogradski Sindikat;;;;;
Bomb Squad;;;;;
Cartel;;;;;
Josh Turner;;;;;
Anneli Drecker;;;;;
themselves;;;;;
Barbara Lynn;;;;;
Pat Metheny / Charlie Haden;;;;;
Beat Pharmacy;;;;;
Rhinoceros;;;;;
Steinwolke;;;;;
Mind Furniture;;;;;
Drouz;;;;;
12 Gauge;;;;;
Dynamite Deluxe;;;;;
Bill Murk;;;;;
Jawoll;;;;;
The Baltimore Consort;;;;;
Sivuca & Clã Brasil;;;;;
Rod Piazza & The Mighty Flyers;;;;;
Solitaire;;;;;
Alvino Rey And His Orchestra;;;;;
Pale Forest;;;;;
Captain Hollywood Project;;;;;
Johnny Nash;;;;;
Big Mama Thornton with Kansas Bill and his Orchestra;;;;;
Jeanne Pruett;;;;;
Wilks featuring jah mason;;;;;
All Shall Persih;;;;;
John Digweed;;;;;
Missy Higgins;;;;;
Hi-Fi Companions;;;;;
Charlie Patton;;;;;
Mr. Kilombo;;;;;
Adalberto Santiago;;;;;
V Sinizter;;;;;
Richard Hawley And Death Ramps_ Arctic Monkeys;;;;;
Johnny Winter;;;;;
Jean-Claude Darnal;;;;;
Grachan Moncur III;;;;;
Line Renaud - Dean Martin;;;;;
Lester Bowie;;;;;
Wolfchant;;;;;
La 5A Estacion;;;;;
Barry Manilow Featuring The Glenn Miller Orchestra with Debra Byrd;;;;;
Legion Of Green Men;;;;;
Faces;;;;;
Aynsley Lister;;;;;
David Raksin;;;;;
Al Toomer;;;;;
Nick Ingman;;;;;
Capone-N-Noreaga;;;;;
Patric C;;;;;
Jean-michel Rotin;;;;;
Flutlicht;;;;;
Mil featuring Memphis Bleek;;;;;
Prince With 94 East;;;;;
Fiasko;;;;;
Flickerstick;;;;;
A Skylit Drive;;;;;
Daughters;;;;;
The Waybacks;;;;;
Josie;;;;;
Dendemann;;;;;
Dave Alvin;;;;;
Illya Kuryaki And The Valderramas;;;;;
G Unit feat. 50 Cent;;;;;
Call To Preserve;;;;;
Little Capes;;;;;
Junior Reid;;;;;
Xzibit featuring Jayo Felony and Method Man;;;;;
Hot Club Of Cowtown;;;;;
The Roots / Jaguar;;;;;
John Ottman;;;;;
Fabri Fibra;;;;;
Christoper Titus;;;;;
Frank Caliendo;;;;;
Guitar Shorty;;;;;
Groove Karma;;;;;
Joan Sutherland;;;;;
Love Jones;;;;;
Crystals;;;;;
Bebe Winans / Stephanie Mills;;;;;
Three 6 Mafia;;;;;
Jaydee;;;;;
Auf Der Maur;;;;;
Kim English;;;;;
Jimmy Johnson;;;;;
The Jason Bonham Band;;;;;
Poncho Sanchez / Dianne Reeves;;;;;
Audio Pyper;;;;;
Oliver Lake Quintet;;;;;
Alkonost;;;;;
A Ghost Devotion;;;;;
Xose Manuel Budiño;;;;;
RyanDan;;;;;
Pelt;;;;;
The Last Eighth feat. Dumi Right(Zimbabwe Legit) and Skillz;;;;;
Annie Lennox;;;;;
Percy Faith & His Orchestra;;;;;
Jellyfish;;;;;
María Elena Walsh;;;;;
BassTurk;;;;;
Twista Featuring Cee-Lo;;;;;
The Mighty Clouds Of Joy;;;;;
Spectra Soul;;;;;
The Glencastle Sound;;;;;
Bruce Carroll;;;;;
YZ;;;;;
Badmarsh & Shri;;;;;
Jeff Scott Soto;;;;;
Super700;;;;;
AZ;;;;;
Wendy Moten;;;;;
Black History;;;;;
Melatonin;;;;;
Pink Floyd;;;;;
Judas Iscariot;;;;;
Ashtrax;;;;;
Tito Rodriguez;;;;;
California Oranges;;;;;
Anna Vissi;;;;;
Ada Jane;;;;;
Virgil Moorefield;;;;;
Ice_ Lucky Luciano_ Filero;;;;;
Dallas Holm;;;;;
The Game feat. Jim Jones Camron & Bezell;;;;;
Alexander O'Neal;;;;;
Bionikworld;;;;;
Band Of Horses;;;;;
Don & Juan;;;;;
Noemi;;;;;
Soulwax;;;;;
Mae West;;;;;
Mayday;;;;;
David Andreu;;;;;
Mikey General;;;;;
Gorillaz;;;;;
Hef feat. Big2 & Dio;;;;;
Carolyn Arends;;;;;
The Strokes;;;;;
EPMD / Nocturnal;;;;;
Natassa Theodoridou;;;;;
The Sonics;;;;;
Lisa Lisa & Cult Jam;;;;;
DJ Phiene;;;;;
D:Fuse vs The Scumfrog;;;;;
Loketo;;;;;
Nickelback featuring Kid Rock;;;;;
SKYCLAD;;;;;
Loudermilk;;;;;
Esion Jim;;;;;
Crematorium;;;;;
Los Fabulosos;;;;;
Geoff Muldaur;;;;;
Drag-On / DMX;;;;;
Take It Back!;;;;;
Tony Murena;;;;;
Thrilla U;;;;;
Daft Punk;;;;;
Nikos Xilouris;;;;;
Daddy Yankee;;;;;
The Shirrows;;;;;
John Cephas & Phil Wiggins;;;;;
Mississippi Fred McDowell;;;;;
Russ Taff;;;;;
Electric Light Orchestra;;;;;
To My Surprise;;;;;
Sly Dunbar;;;;;
Perrocker;;;;;
Florida Boys;;;;;
HardNox;;;;;
Kanye West / Lupe Fiasco;;;;;
DMZ;;;;;
Frank Chacksfield & His Orchestra;;;;;
Frl.Menke;;;;;
The Rance Allen Group;;;;;
Ramy Ayach;;;;;
Everly Brothers;;;;;
Refractory;;;;;
Koffi Olomide;;;;;
Various Production;;;;;
Gene Pitney;;;;;
Johnny Daye;;;;;
Stephen Warbeck;;;;;
The Wreckers;;;;;
Enuff Z Nuff;;;;;
Gershon Kingsley;;;;;
Winifred Phillips;;;;;
Harry Lauder;;;;;
Zombina & The Skeletones;;;;;
Zumpano;;;;;
Ill Harmonics;;;;;
Davol;;;;;
Shelby Flint;;;;;
Aimable;;;;;
K.I.Z.;;;;;
Pelle Carlberg;;;;;
Dart;;;;;
Milieu;;;;;
Korpiklaani;;;;;
Flink;;;;;
Daniel Paul;;;;;
Albert Collins;;;;;
The Cortinas;;;;;
Masta Ace Incorporated;;;;;
Dickies;;;;;
Tito Allen;;;;;
Jessie Lee Miller;;;;;
Back Door Slam;;;;;
Sister Rosetta Tharpe & Marie;;;;;
Jeff Massanari Trio;;;;;
David Johansen;;;;;
Bill Engvall;;;;;
Françoise Hardy - Maurane;;;;;
Tshala Muana;;;;;
The Sensational Alex Harvey Band;;;;;
Chucho Valdés;;;;;
Belami;;;;;
Janina;;;;;
Mat Maneri;;;;;
Fast Eddie featuring Kool Rock;;;;;
Doniki;;;;;
Life Long Tragedy;;;;;
The Jam;;;;;
Jimmy Wayne;;;;;
Ann Lee;;;;;
Burt Bacharach;;;;;
Casa Bulga;;;;;
Alvin Youngblood Hart;;;;;
Domna Kountouri;;;;;
The Starting Line;;;;;
L.A.V.I;;;;;
Dezz White;;;;;
David Taylor;;;;;
This Moment In Black History;;;;;
Seatrain;;;;;
Chaka Demus & Pliers;;;;;
Mistress;;;;;
Inoki;;;;;
I Hate Sally;;;;;
Månegarm;;;;;
Liquid Gang;;;;;
Ernest Ranglin / Floyd Lloyd;;;;;
Junior Kimbrough;;;;;
DJ Vix;;;;;
Al Dexter;;;;;
Spoonie Gee;;;;;
Shadows Fall;;;;;
Aceyalone;;;;;
Herbert von Karajan and Turin RAI Symphony Orchestra;;;;;
The Dils;;;;;
Tech N9ne;;;;;
The Rodeo;;;;;
Mustafa Sandal / Gülcan;;;;;
Kristine W.;;;;;
Al Di Meola;;;;;
Juelz Santana / Freekey Zeekey / Monique Garnett;;;;;
Harald Kloser / Thomas Wander / Thomas Schobel;;;;;
ARRESTED DEVELOPMENT;;;;;
Étienne Daho;;;;;
Markscheider Kunst;;;;;
Bitty McLean;;;;;
Edouard Duleu;;;;;
Orquestra;;;;;
Hatiras;;;;;
Eddie Palmieri;;;;;
HA-ASH;;;;;
Energy;;;;;
Zagar feat. Underground Divas;;;;;
The Vaughan Brothers;;;;;
Nikki Fletcher / Tim Hughes / Various Artists;;;;;
Black Tambourine;;;;;
Black Sheep;;;;;
Dj Kun;;;;;
FSTZ;;;;;
Patrick Samson;;;;;
Ken Chu;;;;;
Kooii;;;;;
Pietari Inkinen;;;;;
Aftermath;;;;;
Paramore;;;;;
Ivan Parker;;;;;
Carl Davis;;;;;
Tunsi;;;;;
Ian Moore;;;;;
089 Clique feat. Prophet;;;;;
Chris Eaton;;;;;
Olga Tañon;;;;;
El Tiempo;;;;;
Palito Ortega;;;;;
Sportsguitar;;;;;
Killers;;;;;
3OH!3;;;;;
Charlie Louvin;;;;;
Virtue;;;;;
Coco Montoya;;;;;
Los Del Sol;;;;;
Silkie Ft. Harry Craze;;;;;
Lou Busch;;;;;
Sundial Aeon;;;;;
Roger Clyne & The Peacemakers;;;;;
Robin Beanland;;;;;
Jeremy Fisher;;;;;
Ginny Owens;;;;;
Sin Plomo;;;;;
Play;;;;;
Angelo Badalamenti / Patrick Wolf;;;;;
Kate Maki;;;;;
Enuff Z 'Nuff;;;;;
Le Vangle;;;;;
The Who;;;;;
Jars Of Clay;;;;;
Dijous Paella;;;;;
089 Clique feat. Minnesota Snipe & Skinny Cueball;;;;;
Beatnuts featuring Tony Touch;;;;;
Porter Wagoner;;;;;
Belphegor;;;;;
Ray Davies;;;;;
J. Peter Robinson;;;;;
Brian Littrell;;;;;
Mr.De';;;;;
Wade Ray;;;;;
Daryl Coley;;;;;
Boogie Pimps Feat. Steve Brookstein;;;;;
Benga;;;;;
London Theatre Orchestra;;;;;
Obie Bermudez;;;;;
Baby Rasta & Gringo;;;;;
Eri Esittäjiä;;;;;
Emery;;;;;
Major Lazer / Vybz Kartel / Afrojack;;;;;
The Temper Trap;;;;;
Dédé Saint-Prix;;;;;
Casey Bill Weldon;;;;;
Carmen Y Laura;;;;;
Kaizers Orchestra;;;;;
Miguel Migs;;;;;
Protein;;;;;
Kevin Max;;;;;
Bloc Party;;;;;
George Huff;;;;;
Midge Ure;;;;;
Negura Bunget;;;;;
Oceansize;;;;;
Head Horny's;;;;;
Daan Junior;;;;;
Johnny Pacheco;;;;;
Van Gelder;;;;;
Nick Jonas & The Administration;;;;;
Jeff Johnson;;;;;
Gang Of Four;;;;;
Peter Hunnigale;;;;;
Jimmy Page_ John Paul Jones_ Albert Lee_ Nicky Hopkins_ Big Jim Sullivan_ Clem Cattini_ Chris Hughes;;;;;
Elton Britt;;;;;
Jean Fauque;;;;;
"Bobby ""Blue"" Bland";;;;;
Hellsongs;;;;;
Little Junior Parker;;;;;
Cybertribe;;;;;
Seventh Star;;;;;
Dishwalla;;;;;
Marco Polo;;;;;
Rusted Shut;;;;;
Marilyn Horne;;;;;
Sergio Mendes;;;;;
Hadag Nahash;;;;;
Lords Of The Underground;;;;;
Marquez the Greatest;;;;;
Drowning Pool;;;;;
Roy Buchanan;;;;;
Juan Carmona;;;;;
Maurice Chevalier / Françoise Dorin / Marina Hottine / Suzanne Gabriello / Jo Charrier / Marcel Carpentier / Perrette Souplex / Andree Grandjean / Cadet Rivers / Raymond Girerd / Orchestre De Jacques-Henri Rys / Jacques Henri Rys;;;;;
Ray Price;;;;;
Art Ensemble Of Chicago;;;;;
Swim;;;;;
Brenda Lee;;;;;
Gisselle;;;;;
MC Sadri;;;;;
Weedeater;;;;;
Mel Blanc;;;;;
Paul Carrack;;;;;
Elvenking;;;;;
At The Gates;;;;;
Special Duties;;;;;
Eastmountainsouth;;;;;
Richard Hell & The Voidoids;;;;;
V'ro;;;;;
From Dying Skies;;;;;
Turibio Santos;;;;;
David Phelps;;;;;
Tranzas;;;;;
Dub Pistols feat. TK;;;;;
DJ Envy;;;;;
Perfection;;;;;
Fred Simon;;;;;
Terror Squad / Remy / Prospect / Armageddon;;;;;
G.G. Allin;;;;;
Jennifer Lopez featuring Ja Rule;;;;;
The Bureau De Change;;;;;
Darden Smith;;;;;
Dédé Saint Prix_ Pakatak;;;;;
Los Indios Tabajaras;;;;;
Charanga de la 4;;;;;
Ramesses;;;;;
Johnny Otis Show;;;;;
John Doan;;;;;
Trentemoller;;;;;
Lorna;;;;;
Maroon 5;;;;;
The Keys;;;;;
Claudio;;;;;
Dilated Peoples Featuring Capleton;;;;;
Mohammad Nouri;;;;;
Anthony Blea Y Su Charanga;;;;;
Maria Callas/Giuseppe di Stefano/Ettore Bastianini/Silvana Zanolli/Luisa Mandelli/Giuseppe Zampieri/Arturo La Porta/Antonio Zerbini/Silvio Maionica/Coro e Orchestra del Teatro alla Scala_ Milano/Carlo Maria Giulini;;;;;
CMW - Compton's Most Wanted;;;;;
Walter Ego;;;;;
Tayfun;;;;;
Jay Randall;;;;;
Bonita & Jerry Cormier;;;;;
Clarence Profit;;;;;
African Rhythm Messengers;;;;;
James Blackwood with The Light Crust Doughboys;;;;;
Alphonse Mouzon;;;;;
Lole y Manuel;;;;;
Ice Cube Featuring Flavor Flav;;;;;
The Equals;;;;;
M.A. Numminen;;;;;
Ken Yokoyama;;;;;
Big Dee Irwin;;;;;
Samba Trio;;;;;
Tammy Pescatelli;;;;;
Planxty;;;;;
Cirrus;;;;;
The Sterns;;;;;
Edgar De L'est;;;;;
Alfredo Kraus/Paul Plishka/Matteo Manuguerra/Sherrill Milnes/Trinity Boys' Choir/Ambrosian Opera Chorus/National Philharmonic Orchestra/James Levine;;;;;
Sara Melson;;;;;
Vince Guaraldi;;;;;
Foals;;;;;
James Taylor Quartet;;;;;
Mush;;;;;
The Gaskets;;;;;
Jean Carnigan;;;;;
The Knux;;;;;
The Motors;;;;;
Loop Guru;;;;;
Alan Feinberg;;;;;
Los Nakos;;;;;
Didier François;;;;;
Vince Taylor;;;;;
Karen Peck & New River;;;;;
Kostis Maraveyas;;;;;
María;;;;;
Israel & Moises;;;;;
Rick Ross / Carol City Cartel;;;;;
Hecklah & Coch;;;;;
The Bug Featuring Spaceape;;;;;
Erik Tronic;;;;;
Fred Merpol;;;;;
Roberto Perera;;;;;
Koordinate Of Wonders;;;;;
Montserrat Caballé;;;;;
Styles P & The Evil Genius DJ Green Lantern;;;;;
Ann Nesby;;;;;
Mademoiselle Sane;;;;;
Passion;;;;;
Midwest Product;;;;;
Patrick Eudeline;;;;;
Piero Esteriore;;;;;
Sonny Landreth;;;;;
Save As;;;;;
Redman / Saukrates / Icadon;;;;;
Connemara Stone Company;;;;;
Hard Romantic;;;;;
The Chico Hamilton Quintet With Fred Katz_ Paul Horn_ John Pisano_ Carson Smith;;;;;
Lidell Townsell;;;;;
P.O.S;;;;;
DJ Clue / P. Diddy;;;;;
Dynamix;;;;;
Gathering;;;;;
Languis;;;;;
Mills Brothers;;;;;
Sue Foley;;;;;
Barry Mann;;;;;
Krayzie Bone;;;;;
Jimmy Page;;;;;
Dark Shadows;;;;;
Jim Kweskin with Samoa Wilson;;;;;
Jim Jones featuring Oshy;;;;;
Light Of The World;;;;;
Rocky Whatule;;;;;
Aphasia;;;;;
Jack Johnson and Friends / Matt Costa;;;;;
City High;;;;;
Caballo Dorado;;;;;
Eko Fresh feat. Capkekz;;;;;
Chroma Key;;;;;
The Red Jumpsuit Apparatus;;;;;
Anna Abreu;;;;;
Rachael Starr;;;;;
Georges Parys;;;;;
Deville_ Willy;;;;;
Jake Hess;;;;;
Fiona Sit;;;;;
Showbread;;;;;
The Gathering;;;;;
Timbalada;;;;;
Arne Weise;;;;;
Bimbo;;;;;
Samba Mapangala and Orchestra Virunga;;;;;
Catherine King/Matthew Schwinghammer/The American Boychoir;;;;;
Falling Into Place;;;;;
BB King;;;;;
Beautiful Creatures;;;;;
Walter Hawkins;;;;;
Wamdue Project;;;;;
Anthony Cruz;;;;;
Hector;;;;;
Geiom Feat. Marita;;;;;
Pep Laguarda & Tapineria;;;;;
Rod Bernard;;;;;
Keep Of Kalessin;;;;;
The Antripodean Collective;;;;;
The In Crowd;;;;;
Magic Systeme;;;;;
Eazy-E;;;;;
Scott Ainslie;;;;;
Tyree;;;;;
Cabas;;;;;
The John Buzon Trio;;;;;
Eko Fresh feat. Ado;;;;;
Peloton;;;;;
Paul Buckmaster;;;;;
Faron Young;;;;;
The Jordanaires & Orion;;;;;
Sandra Mihanovich;;;;;
The Prefects;;;;;
KMD;;;;;
Nana Mouskouri;;;;;
Time Zone;;;;;
Rauni Pekkala;;;;;
Telecast;;;;;
The Chi Lites;;;;;
God Lives Underwater;;;;;
Bob Hope;;;;;
Fake Problems;;;;;
Héroes del Silencio;;;;;
Anthony Watson;;;;;
John Travolta / Christopher Walken;;;;;
ATB;;;;;
Yellowcard;;;;;
Kira;;;;;
Gabriel Grossi;;;;;
Fabián;;;;;
Ray Lynch;;;;;
Jay-Z;;;;;
Frenchy;;;;;
Cadacross;;;;;
Martin Lawrence;;;;;
NO-TONE ft.Inusa;;;;;
Henri Pousseur;;;;;
Marygold;;;;;
Dope Stars Inc.;;;;;
The Wiyos;;;;;
Oh No;;;;;
Eddie and the Subtitles;;;;;
Jason Michael Carroll;;;;;
Mario Telles;;;;;
The Wicklows;;;;;
Coolio Da Unda Dogg;;;;;
Big Rich featuring J. Stalin_ Aristotle;;;;;
Django Asül;;;;;
Electrostatic;;;;;
Mr Lab!;;;;;
Charles Aznavour;;;;;
Jason & The Scorchers;;;;;
Corderoy;;;;;
Twenty 4 Seven;;;;;
Lupe Fiasco feat. GemStones and Graham Burris;;;;;
DCX;;;;;
Usher featuring Jermaine Dupri;;;;;
Creedence Clearwater Revisited;;;;;
Big Daddy Rick;;;;;
Kekele;;;;;
Gail Davies;;;;;
Leslie Mendelson;;;;;
Percy Mayfield;;;;;
Corb Lund;;;;;
The Mystic Moods Orchestra;;;;;
Paul Overman;;;;;
Ms. Dynamite / Kymani Marley;;;;;
Gran Coquivacoa_ Neguito Borjas;;;;;
Fernando Ortega;;;;;
Les Paul and Mary Ford;;;;;
Cliff Edwards/Disney Studio Chorus;;;;;
Sonny James;;;;;
Charly García;;;;;
Charlie Haden;;;;;
Walter Wanderley Trio;;;;;
Noah Lewis;;;;;
LL Cool J;;;;;
Perez Prado_ His Orchestra;;;;;
Vic Chou;;;;;
Joe Bonamassa;;;;;
Gian Marco;;;;;
Kako;;;;;
Terje Lie;;;;;
V V Brown;;;;;
Blindman's Sun;;;;;
Cecilia Bartoli / International Chamber Soloists / Orchestra La Scintilla / Adam Fischer;;;;;
Benny Spellman;;;;;
Beres Hammond Feat. Jah Youth;;;;;
Confetti's;;;;;
Tommy Makem;The Clancy Brothers;;;;
Plies featuring Tank;;;;;
Terry Dexter;;;;;
Diamond Rexx;;;;;
Shout Out Out Out Out;;;;;
George Faith;;;;;
Marc Broussard;;;;;
Montrose;;;;;
TRAM 11;;;;;
Petrol;;;;;
Eno;;;;;
Future Leaders of the World;;;;;
Messy Marv & D.Z.;;;;;
The Tall Grass;;;;;
Green and Yellow;;;;;
Renee Rosnes;;;;;
Deftones;;;;;
Jesse Malin;;;;;
Tigerstyle;;;;;
impulsonic;;;;;
Göteborgs Symfoniker / Neeme Järvi;;;;;
J.B.Lenoir;;;;;
SWAMI featuring Ishmael Morabe;;;;;
The Tamperer;;;;;
Super Cat;;;;;
Mongo Santamaria Orchestra;;;;;
Larissa;;;;;
Big Maybelle;;;;;
Belle & Sebastian;;;;;
Bruce Katz Band;;;;;
Daniel Kobialka;;;;;
War Babies;;;;;
Fastball;;;;;
Rob Mullins;;;;;
Wordsworth feat. Adanita Ross;;;;;
John Fogerty;;;;;
Fort Minor;;;;;
Stephen Marley;;;;;
Ruby Isle;;;;;
The King Sisters;;;;;
Ray Conniff;Billy Butterfield;;;;
Kirk Franklin with tobyMac & Sonny (of P.O.D.);;;;;
Ramses;;;;;
Symbiosis Orchestra;;;;;
Luciana Souza;;;;;
Jim Kweskin_ The Jug Band;;;;;
Berlin;;;;;
Sleepy D;;;;;
Lily Allen Featuring Ours;;;;;
Peret;;;;;
B.o.B;;;;;
Del The Funky Homosapien;;;;;
Talking Heads;;;;;
The Freedom;;;;;
Movado;;;;;
Varios Artistas de Rumba;;;;;
Shai Hulud;;;;;
Mario Piu;;;;;
Home Town Hero;;;;;
Misty Roses;;;;;
Little Angels;;;;;
Kenny G Featuring Brian McKnight;;;;;
Don Davis;;;;;
Maria Forde;;;;;
Ronnie Drew;;;;;
The Honeydogs;;;;;
Marco Rima;;;;;
Pete Rock & C.L. Smooth;;;;;
Kokane;;;;;
Skyforger;;;;;
Théophil;;;;;
Mother Superior;;;;;
The Exciters;;;;;
Buffalo Nickel Band;;;;;
Natasha Bedingfield;;;;;
Atomship;;;;;
Disembowelment;;;;;
Spongebob Squarepants;;;;;
Bobby Marchan;;;;;
Kelly Sweet;;;;;
Kuijken Kwartet;;;;;
Patti Smith Group;;;;;
Maddox Brothers and Rose;;;;;
Pat Metheny;;;;;
Big Jay Oakerson;;;;;
Ed Bruce;;;;;
Mt. Wilson Repeater;;;;;
Eko Fresh feat. G-Style;;;;;
Intex Systems;;;;;
Cutting Edge;;;;;
Evanescence;;;;;
Mocambo Allstars;;;;;
Dala;;;;;
Commander Cody & His Lost Planet Airmen;;;;;
Cam'Ron / Juelz Santana / Jimmy Jones;;;;;
Dwayne_ Gyptian;;;;;
Perpetual Loop;;;;;
Bikini Machine;;;;;
Guillaume Ledent;;;;;
Joa~o Gilberto;;;;;
Lupe Fiasco feat. Matthew Santos;;;;;
Willie Barcena;;;;;
Billie Ray Martin Feat. Ann Peebles;;;;;
Kenny Wayne Shepherd;;;;;
Gina V. D'Orio;;;;;
Original Love;;;;;
Unkle Bob;;;;;
Dark new Day;;;;;
Twin Atlantic;;;;;
Ill Niño;;;;;
Terror Squad featuring Big Pun;;;;;
Peter Gallagher;;;;;
Brasilian Tropical Orchestra;;;;;
Adam Richman;;;;;
Toby Love featuring Rakim & Ken-Y;;;;;
Slackbaba;;;;;
Inner Circle;;;;;
Lexie Mountain Boys;;;;;
DJ X-Change;;;;;
Carroll Thompson;;;;;
Taya wooden;;;;;
Toby Love Feat. Girlz Talk;;;;;
Ghetto Mafia;;;;;
Swans Of Avon;;;;;
Adam Richmond;;;;;
Fast Eddie;;;;;
Inhume;;;;;
Migraine;;;;;
Letters To Cleo;;;;;
Africando;;;;;
Chorus Line;;;;;
Marshall Crenshaw;;;;;
False Prophets;;;;;
Gerald Veasley;;;;;
Wordsworth;;;;;
Delirious;;;;;
Jaime Jamgochian;;;;;
Vulgar Pigeons;;;;;
50 Cent;;;;;
Tullycraft;;;;;
Sub Focus;;;;;
Montserrat Caballé;Eugenio  Marco;;;;
D'Molls;;;;;
Michael Convertino;;;;;
Aisha Duo;;;;;
Danielle Bollinger;;;;;
Sébastien Roch;;;;;
Asha Puthli;;;;;
Wendo Kolosoy;;;;;
Zbigniew Preisner;;;;;
Caspian;;;;;
Kati;;;;;
Kanye West / Consequence / Cam'Ron;;;;;
Jimmie Davis;;;;;
Sonny Terry;;;;;
Mr. De';;;;;
Al Rapone;;;;;
Cookies;;;;;
DJ X-Change featuring Joey A;;;;;
Ebba Forsberg;;;;;
Zachary Richard;;;;;
Dominic;;;;;
Dub Wiser;;;;;
When Dinosaurs Ruled The Earth;;;;;
Corderoy & U4IC DJ'S;;;;;
Barry Künzel;;;;;
Montserrat Caballé/Royal Philharmonic Orchestra/Lamberto Gardelli;;;;;
Jah Debda;;;;;
Carpenters;;;;;
Jonn Serrie;;;;;
Sukhwinder Singh;;;;;
Christophe Beck;;;;;
The Tarriers;;;;;
Ma Rainey & Her Tub Jug Washboard Band;;;;;
Kuldeep Paras;;;;;
Jets;;;;;
Keira Green;;;;;
Festival;;;;;
Amanajé;;;;;
L.a. Dream Team;;;;;
North Mississippi Allstars;;;;;
Channel Live;;;;;
Modern Day Escape;;;;;
Steve Porter;;;;;
Stanley Clarke;Herbie Hancock;;;;
The Sugarhill Gang;;;;;
Eko Fresh feat. Summer Cem & DJ Ses;;;;;
Jordan & Baker;;;;;
Wayne Kramer;;;;;
Grant And Wilson;;;;;
Ricky Martin;;;;;
Cass Fox;;;;;
Seventh Day Slumber;;;;;
Oscar Peterson Trio;;;;;
5 Blind Boys Of Alabama;;;;;
The Villas;;;;;
Will Ackerman;;;;;
Ambient Music Therapy;;;;;
Rockin' Dopsie_ Jr._ The Zydeco Twisters;;;;;
B.B.King;;;;;
Paul Rogers;;;;;
Syl Johnson;;;;;
Dave Graney & Clare Moore;;;;;
The Raconteurs;;;;;
Roy Carrier;;;;;
La Charanga Rubalcaba;;;;;
Jimmy Page / Robert Plant;;;;;
Marilyn Scott;;;;;
Messy Marv featuring Clover Geez;;;;;
Stockhausen Waterman;;;;;
Brownie McGhee;;;;;
W.A.S.P.;;;;;
Her Majesty's Finest;;;;;
Ram Squad;;;;;
Bambino_ Ivan Tirado;;;;;
Tiny Tim/Cast/Ghost Of Christmas Present/Scrooge;;;;;
Cardenales del Exito;;;;;
Greis;;;;;
Bowen_ Robin Huw;;;;;
Al De Lory;;;;;
John Mellencamp;;;;;
Márcio Faraco;;;;;
Derek Bell;;;;;
Henry Lee Summer;;;;;
Nacho Chapado feat. Stephen Massa;;;;;
Janie Fricke;;;;;
Arthur Brown;;;;;
Owsley;;;;;
Igor Stravinsky;Columbia Symphony Orchestra;;;;
Jim Smoak & The Louisiana Honeydrippers;;;;;
Ghost Machine;;;;;
The Game;;;;;
Marco Demark feat. Peter Millwood;;;;;
Fastway;;;;;
Laura Mikkola;;;;;
Mitch Ryder & Engerling;;;;;
23rd Turnoff;;;;;
Cyril Pahinui;;;;;
Metsatöll;;;;;
T.G.Sheppard;;;;;
Ray Vega;;;;;
Pascal Lejeune;;;;;
Recluse;;;;;
Kirk Franklin;;;;;
Old Soul;;;;;
Lil' Band O' Gold;;;;;
Tum Tum / Double T / LiL Ronnie;;;;;
New Found Glory;;;;;
Ebru Gündes;;;;;
Kellie Coffey;;;;;
John Pagano_ Burt Bacharach;;;;;
La Divina Pastora;;;;;
Henry Mancini;;;;;
The Chinese;;;;;
Djalma Correa;;;;;
Norther;;;;;
Solas;;;;;
Dixieland Jug Blowers;;;;;
Scheich;;;;;
iTAL tEK;;;;;
Kyle Riabko;;;;;
Johnny Copeland;;;;;
Sonny Terry / Brownie McGhee;;;;;
Sick On The Bus;;;;;
Mylon LeFevre;;;;;
JC Lodge;;;;;
Dale Hawkins;;;;;
The Products;;;;;
The Florida Boys;;;;;
The Radio Dept;;;;;
Todos;;;;;
Fontaine Sisters;;;;;
The Game / Nas;;;;;
Los Munequitos de Matanzas;;;;;
Sharon Shannon_ Carol Keogh;;;;;
The Oak Ridge Boys;;;;;
Ruben Cossani;;;;;
Beres Hammond Feat. Natural Black;;;;;
Ashbrg;;;;;
Anna Meliti;;;;;
Pariah;;;;;
Las Niñas;;;;;
Electric O & Ishkan;;;;;
RUN-DMC Featuring Jagged Edge;;;;;
Leon Berry;;;;;
Soundgarden;;;;;
Vorstadtkinder;;;;;
YGGDRASIL;;;;;
Kat Deluna / Akon;;;;;
6CycleMind;;;;;
Slick Rick;;;;;
Beyoncé feat. Slim Thug;;;;;
The Firesign Theatre;;;;;
Los Muñequitos De Matanzas;;;;;
Maria & Margot Hellwig/Thomas Lehrberger;;;;;
Carlos Embales - Cutumba;;;;;
Prince & Tevin Campbell;;;;;
Lynette Schultz;;;;;
The Cannanes;;;;;
Pantanito;;;;;
Paul Thorn;;;;;
Janet Paschal/Charlotte Ritchie/David Phelps;;;;;
Nino Nardini;;;;;
Carlos Jimenez_ J Elvira_ Oliversam;;;;;
Séamus Ennis;;;;;
Roger Sanchez;;;;;
Leningrad Cowboys;;;;;
Pete Philly & Perquisite;;;;;
Mr Brown;;;;;
Juan Diego Flórez / Orquesta Sinfónica de Madrid / Jesús López-Cobos;;;;;
Manjul;;;;;
Dub Pistols feat. TK & JMS;;;;;
Columbia Symphony Orchestra;Igor Stravinsky;;;;
Ann Hampton Callaway;Laura Benanti;Michael Gruber;Everett Bradley;;
Michelle Wright;;;;;
Os Gaiteiros de Soutelo;;;;;
John Van Tongeren;;;;;
Toby Love featuring Julio Voltio;;;;;
Tony Malone And The Rapparees;;;;;
Yolandita Monge;;;;;
U.K. Subs;;;;;
The Lord Henry;;;;;
Way Out West;;;;;
QBO;;;;;
A Different Breed of Killer;;;;;
Nouvelle;;;;;
Bill Cosby;;;;;
MIMS Featuring J. Holiday;;;;;
RUN-DMC vs. Jason Nevins;;;;;
Alfredo Kraus - Orquesta de Conciertos de Madrid - Pablo Sorozábal;;;;;
Georgia Satellites;;;;;
Orlando Pops Orchestra and Andrew Lane;;;;;
Dennis O'Neill;;;;;
Talib Kweli;;;;;
Ned Miller;;;;;
Inspector 9;;;;;
deadboy & the Elephantmen;;;;;
Aurlus Mabélé;;;;;
Tha Alkaholiks;;;;;
Moist;;;;;
Harald Kloser;;;;;
Angela Stewart;;;;;
Dons;;;;;
The Business;;;;;
Del Horno;;;;;
Dells;;;;;
Dilated Peoples Featuring Devin The Dude;;;;;
Stellar Kart;;;;;
Magnatune Compilation;;;;;
Jessica Myrberg;;;;;
Russell Malone;;;;;
Diego Vasallo;;;;;
Grandmaster Flash;;;;;
Joell Ortiz;;;;;
Nik & Jay;;;;;
Vicious Mary;;;;;
Oscar Lima;;;;;
Harry Gregson-Williams;;;;;
Rockit;;;;;
Bob McKenzie / Doug McKenzie;;;;;
Constance Demby;;;;;
David Robertson;;;;;
Birds of Prey;;;;;
Unwritten Law;;;;;
Laurindo Almeida / Charlie Byrd;;;;;
Tarheel Slim;;;;;
Little Jr. Parker;;;;;
Dan Moretti;;;;;
Speech;;;;;
Billy Higgins;;;;;
Smokin' Joe Kubek & Bnois King;;;;;
Junior M. A. F. I. A.;;;;;
50 Cent / Mobb Deep;;;;;
Pegy Zina;;;;;
Shangri Las;;;;;
The Four Pennies;;;;;
Jah Wobble & Bill Laswell;;;;;
Leana;;;;;
Vonray;;;;;
THE AD LIBS;;;;;
Jill Paquette;;;;;
PRE;;;;;
Gabriela Anders;;;;;
Hunters;;;;;
Sivuca & Camerata Brasílica;;;;;
Theodore Shapiro;;;;;
Jere McAllister;;;;;
Faith Hill & Tim McGraw;;;;;
Jimmy McCracklin;;;;;
Mister Ries;;;;;
Bullethole;;;;;
Lady GaGa;;;;;
Blackbyrds;;;;;
Big Rich featuring Devo;;;;;
Johann Köhnich;;;;;
Flexy;;;;;
Valient Thorr;;;;;
Northern State;;;;;
Patience Dabany;;;;;
Marcio Faraco;;;;;
Akissa;;;;;
Eric B. & Rakim;;;;;
Isabelle Adjani;;;;;
Urge Overkill;;;;;
ZTrip;;;;;
Murphy Lee / Zee;;;;;
Leaders Of The New School;;;;;
Esperanza Spalding / Leo Genovese;;;;;
Roy Roberts;;;;;
Stone Temple Pilots;;;;;
Damita;;;;;
Dark Distant Spaces;;;;;
Mint Condition;;;;;
Sukhwinder Singh;Jaspinder Narula;;;;
Shay Torrent;;;;;
We Five;;;;;
Erin O'Donnell;;;;;
Serge Desaunay;;;;;
Los Cumbieros Del Sur;;;;;
Eagles Of Death Metal;;;;;
Bimbo Band;;;;;
The Even Dozen Jug Band;;;;;
Opals;;;;;
Emit;;;;;
Goose;;;;;
Leo Dan;;;;;
Mil featuring Petey Pablo;;;;;
Rockabye Baby!;;;;;
Ned Nash Orchestra;;;;;
Beatnuts with Lil' Donny;;;;;
Motograter;;;;;
The Funeral Pyre;;;;;
Barry Goldberg;;;;;
Jean Ferret;;;;;
The Summer Obsession;;;;;
Dabbler;;;;;
Messy Marv;;;;;
Beth Nielsen Chapman;;;;;
The Rambos;;;;;
Emile Vacher;;;;;
Wanda De Sah;;;;;
The Radio Department;;;;;
Matt Redman;;;;;
Go Fish;;;;;
Jody Bernal;;;;;
Busta Rhymes feat. Linkin Park;;;;;
Annie Philippe;;;;;
Mychael Danna & Jeff Danna;;;;;
Grey Area;;;;;
Lot Lorien;;;;;
Khold;;;;;
Banda La Bocana;;;;;
George Hamilton IV;;;;;
Orquesta America;;;;;
The Golden Age Orchestra_ Paul Summer ;;;;;
Danny Barnes;;;;;
Premiums;;;;;
David Jalbert;;;;;
Cassidy featuring Swizz Beatz;;;;;
Joy Enriquez;;;;;
The Stems;;;;;
Julio Iglesias Jr;;;;;
Big One;;;;;
Nicole Mullen;;;;;
Irtio;;;;;
Groupa;;;;;
Gene Autry;;;;;
Gösta Ekman / Tage Danielsson;;;;;
Spunk;;;;;
Mariachi Silvestre Vargas;;;;;
Cedric Gervais feat. Second Sun;;;;;
Julio Iglesias Jr.;;;;;
Cornel Campbell;;;;;
Brooke White;;;;;
Bravehearts featuring Nas and Jully Black;;;;;
Tones On Tail;;;;;
Dictafone;;;;;
X-ecutioners featuring M.O.P.;;;;;
Frost;;;;;
Bingo Players;;;;;
Hal Russell;;;;;
Molesta Ewenement;;;;;
Chico Cesar;;;;;
Reach 454;;;;;
Jude Cole;;;;;
Dub Pistols feat. TK & Ashley Slater;;;;;
Paris_ Texas;;;;;
Bob Willis;;;;;
New Direction;;;;;
Eiffel 65;;;;;
Jaco & Mixxmaster;;;;;
Chico Hamilton Quintet;;;;;
Mad Are Sane_ The;;;;;
Crowbar;;;;;
Abrar - Ul - Haq;;;;;
Mary Black & General Humbert;;;;;
Moros Eros;;;;;
Jean Corti;;;;;
Maria Callas/Eugenio Fernandi/Elisabeth Schwarzkopf/Giuseppe Nessi/Nicola Zaccaria/Mario Borriello/Renato Ercolani/Piero de Palma/Giulio Mauri/Elisabetta Fusco/Pinuccia Perotti/Coro del Teatro alla Scala_ Milano/Orchestra del Teatro alla Scala_ Milano/Tul;;;;;
David Zinman;;;;;
Salt-N-Pepa;;;;;
Captain Beefheart & The Magic Band;;;;;
The Flesh;;;;;
Bülent Ceylan;;;;;
Kris Gruen;;;;;
Bonita;;;;;
Betika_ Daouda;;;;;
Billy Pilgrim;;;;;
Porno For Pyros;;;;;
The Ronettes;;;;;
My Little Airport;;;;;
Josélito;;;;;
Angelo Badalamenti / Keira Knightley;;;;;
Markus;;;;;
Usher Featuring The Nu Beginning;;;;;
Maria Callas/Gianni Raimondi/Gabriella Carturan/Plinio Clabassi/Nicola Rossi-Lemeni/Coro del Teatro alla Scala_ Milano/Noberto Mola/Orchestra del Teatro alla Scala_ Milano/Gianandrea Gavazzeni;;;;;
Hoodfellas;;;;;
Mighty Joe Young;;;;;
Lari White;;;;;
George Schuller;;;;;
IMISKOUBRIA featuring Etsi De;;;;;
Capone-N-Noreaga feat. Busta Rhymes and Ron Browz;;;;;
DJ Clue / Fabolous Sport;;;;;
Bobaflex;;;;;
Tha Liks;;;;;
Hins Cheung;;;;;
Anita Kerr;;;;;
Adrenalin O.D.;;;;;
Joe Graves & The Diggers;;;;;
Dean Evenson;;;;;
Vincent Bruley;;;;;
Arctique;;;;;
Lacy J. Dalton;;;;;
Cassius Clay;;;;;
Henri Rene And His Orchestra;;;;;
Disco D feat. Lola Damone & Helluva;;;;;
Black Box;;;;;
Monika_ Wolfgang;;;;;
Death Cab for Cutie;;;;;
High Strung_ The;;;;;
Four Tet;;;;;
Dale Russ / Finn MacGinty;;;;;
Axe;;;;;
Joe Derrane_ Frankie Gavin_ Brian McGrath;;;;;
Truckfighters;;;;;
Eugene McDaniels;;;;;
The Five Stairsteps;;;;;
G Unit ft. 50 Cent_ Lloyd Banks & Tony Yayo;;;;;
Lighthouse Family;;;;;
X-Raided featuring Teddy Bear_ Big Pook_ T-Nutty;;;;;
Socialburn;;;;;
Roger Miller;;;;;
Sal Mineo;;;;;
Vinylbase;;;;;
Patrizia Pace/Waltraud Meier/Frank Lopardo/James Morris/Swedish Radio Choir/Stockholm Chamber Choir/Berliner Philharmoniker/Riccardo Muti;;;;;
Panic! At The Disco;;;;;
Eduardo Fernandez;;;;;
Los Cisnes;;;;;
Defari;;;;;
Dario Marianelli;;;;;
Paul Stanley;;;;;
Liam O'Flynn;;;;;
The California Cajun Orchestra;;;;;
LaWanda Page;;;;;
Mariah Carey Featuring Da Brat & JD;;;;;
Steve Harvey;;;;;
Bruno Sanfilippo;;;;;
Rainforest Trio;;;;;
Deepface;;;;;
T.I.;;;;;
Britny Fox;;;;;
Power Pill Fist;;;;;
Year of Desolation;;;;;
Olive;;;;;
Tim Hornsby;;;;;
Peter Hunningale;;;;;
Nicolas Bacchus;;;;;
David Benoit;;;;;
32 Leaves;;;;;
Barbara Carr;;;;;
Louie Ramirez;;;;;
Tito Puenté;;;;;
Orenda;;;;;
DJ Primo;;;;;
The Advantage;;;;;
Pepe Romero;;;;;
The Maine;;;;;
Major Lazer;;;;;
Jimmie Vaughan;;;;;
Toby Love;;;;;
Camerata Brasil;;;;;
Wyclef Jean featuring Prodigy of Mobb Deep;;;;;
El Barrio;;;;;
Juan Diego Flórez / Mariusz Kwiecen / Orquestra de la Comunitat Valenciana / Daniel Oren;;;;;
TAKARU;;;;;
Morton Gould;;;;;
The Wilburns;;;;;
Dann Huff;;;;;
T Lavitz;;;;;
Samy Deluxe;;;;;
Robin Beanland/Dweezil Zappa/Nile Rodgers/Rabbit In The Moon;;;;;
The Abominable Iron Sloth;;;;;
Josh Mullins;;;;;
The Capitol Years;;;;;
Cyndi Wang;;;;;
Eleanor McEvoy;;;;;
Population Reduction;;;;;
Fajardo;;;;;
Marcel Azzola;;;;;
Meiway;;;;;
The Fool'S Nose;;;;;
Mike Jones;;;;;
Harry Choates;;;;;
Iggy And The Stooges;;;;;
The Allies;;;;;
Sheek Louch;;;;;
Papp'os Blues;;;;;
Renato Borghetti;;;;;
Throw The Fight;;;;;
Donna Ares;;;;;
John P. Kee;;;;;
Nolwenn Leroy;;;;;
The Primitives;;;;;
The Chico Hamilton Quintet;;;;;
AUDIO.3;;;;;
Pedro Garcia & His Del Prado Orchestra;;;;;
Fleet Foxes;;;;;
Elliot Smith;;;;;
Andraé Crouch & Solid Gospel;;;;;
Murderdolls;;;;;
Human Disease;;;;;
Dottie West;;;;;
Buckeye Politicians;;;;;
First Blood;;;;;
Daddy Yankee / May-Be;;;;;
Carlton Livingston;;;;;
Mac Dre;;;;;
Christian adam;;;;;
Nikos Kalaintzis;;;;;
Denise Ho;;;;;
Daywind Studio Musicians;;;;;
Love and Rockets;;;;;
Billy Walker;;;;;
LL Cool J / Amil;;;;;
Gato Perez;;;;;
GZA/The Genius;;;;;
Arthur Fiedler;;;;;
Poptart Monkeys;;;;;
Melissa Auf der Maur;;;;;
Kill The Client;;;;;
Lil Boosie & Webbie;;;;;
Willie Colon;;;;;
Endres;;;;;
Annie Minogue Band;;;;;
J-MACK;;;;;
Alias;;;;;
Donna Fargo;;;;;
Roger Creager;;;;;
System of a Down;;;;;
Clannad;;;;;
Session Americana;;;;;
DJ Guy;;;;;
Dexy's Midnight Runners;;;;;
Moving Cloud;;;;;
Johnny Vicious;;;;;
The Fire Theft;;;;;
Africando All Stars;;;;;
Lupe Fiasco feat. GemStones;;;;;
Minnie Riperton;;;;;
Lightforce;;;;;
Sean Paul;;;;;
Jacques Ferchit;;;;;
Gunther & the Sunshine Girls;;;;;
Charlie Byrd / Carlos Barbosa-Lima / Carlos Barbosa-Lima;;;;;
Los Delinqüentes;;;;;
Daler Mehndi;Chitra;;;;
Jericho;;;;;
TYR;;;;;
Kalibas;;;;;
DJ Rashad featuring DJ Chi Boogie;;;;;
Temple Of The Dog;;;;;
Derek Bailey;;;;;
Geiom;;;;;
Spooky Tooth / Mike Harrison;;;;;
Republica;;;;;
Bruce Robison;;;;;
Big Daddy Kane;;;;;
A-Mei;;;;;
Joe Turner / Pee Wee Crayton / Sonny Stitt;;;;;
Xzibit;;;;;
Les Witches;;;;;
Manuel & The Music Of The Mountains;;;;;
Paris Musette;;;;;
Taal;;;;;
Egberto Gismonti;;;;;
Click / Click_ M_Ferri;;;;;
Luciano;;;;;
Rakim feat. Tracey Horton;;;;;
Vincenzo;;;;;
Triana Pura;;;;;
Maria & Margot Hellwig/Die Garmischer Alpenjäger;;;;;
Yölintu;;;;;
Percy Faith & Felicia Sanders;;;;;
Frank Vignola;;;;;
Savoy Brown;;;;;
Shaggy / Brian & Tony Gold;;;;;
Tri Atma;;;;;
A Day To Remember;;;;;
Namatjira;;;;;
Jack Orsen feat. Fumanschu_ Justus;;;;;
Sensations;;;;;
Dame Edna Everage with Carl Davis conducting the London Symphony Orchestra and The New Antipodean Singers;;;;;
The Small Knives;;;;;
Eclier;;;;;
Billy Murray;;;;;
Groupa Med Lena Willemark;;;;;
Clockwise;;;;;
Orthrelm;;;;;
Len Barry;;;;;
Orquesta Romantica de La Habana;;;;;
Rhian Lois;;;;;
Sounds Of Blackness;;;;;
Mr. Blue;;;;;
Parallel Sound;;;;;
Leroy Huston;;;;;
For Squirrels;;;;;
Sunidhi Chauhan / Anu Malik / Jatin Sharma;;;;;
The Blind Boys Of Alabama;;;;;
Princess Lover;;;;;
Antigone Rising;;;;;
Crusaders;;;;;
Karnig Sarkissian;;;;;
Proficy;;;;;
Marvin Hamlisch;John Lithgow;Jeffrey Huard;;;
Tony Tuff;;;;;
Caramell;;;;;
Winston McAnuff_ The Bazbaz Orchestra;;;;;
Cedric Myton;;;;;
Stefano Battaglia_ Giovanni Maier_ Michele Rabbia;;;;;
Mick Clarke;;;;;
Olga Tañón;;;;;
Ebru Yasar;;;;;
Ultimate Tracks;;;;;
Chacho;;;;;
Edelweiss;;;;;
Edmundo Ros & His Orchestra;;;;;
Guaco;;;;;
Louisa Mark feat. Kevin Henry;;;;;
Timo Maas featuring MC Chikaboo;;;;;
Havok;;;;;
Los Salvajes;;;;;
BMX Bandits;;;;;
Rustless;;;;;
Julissa;;;;;
Marc Dorsey;;;;;
Plaza;;;;;
Jim Jones / Chink Santana;;;;;
Giorgos Marinis;;;;;
X-ecutioners featuring Tom Tom Club & Biz Markie;;;;;
3 of Hearts;;;;;
Ciaran Byrne;;;;;
Hollowtip;;;;;
Pete Bamboo;;;;;
The Token;;;;;
Kurtis Blow;;;;;
Portobello;;;;;
One Be Lo;;;;;
Bodies In the Gears of the Apparatus;;;;;
Ice & Breeze;;;;;
Jean-Jacques Goldman;Edith Lefel;Malavoi;;;
Irish Tenors;;;;;
Clarence Gatemouth Brown;;;;;
Michèle Crider;Vincenzo La Scola;Samuel Ramey;Riccardo Muti;;
Necrodaemon;;;;;
Big Audio Dynamite;;;;;
Sound Field;;;;;
Heavy D;;;;;
Crucial Conflict;;;;;
The Mighty Mighty Bosstones;;;;;
RIDDLIN' KIDS;;;;;
Los Del Rio_ The D.E.Y.;;;;;
Eumir Deodato;;;;;
Anane;;;;;
Naughty By Nature featuring Phiness;;;;;
Mum;;;;;
The Sonics_ Charlie & The Tunas;;;;;
Yndio;;;;;
Sukshinder Shinda;;;;;
Liquid Spill;;;;;
The Beatles / Tony Sheridan;;;;;
Nora;;;;;
Scweez;;;;;
Fläskkvartetten / Daniel Bellqvist;;;;;
2XL;;;;;
Leann Rimes & Brian McFadden;;;;;
The Bronx Horns;;;;;
D.R.S.;;;;;
The Harvard Lampoon Comedians;;;;;
David Guetta - Joachim Garraud - Chris Willis;;;;;
Pam Thum;;;;;
Greek Gypsy Musicians;;;;;
Joey McIntyre;;;;;
Wyclef Jean featuring will.i.am and Melissa Jiménez;Wyclef Jean featuring Machel Montano_ Daniela Mercury_ Black Alex_ and Djakout Mizik;;;;
Clementina De Jesus;;;;;
The Disposable Heroes Of Hiphoprisy;;;;;
Jean Marc Thibault;;;;;
Bon Jovi / Ray Davies;;;;;
Studio;;;;;
You Should Go Ahead;;;;;
Lil Wayne;;;;;
The Bongo Man;;;;;
Chris Camozzi;;;;;
Juan Carmona; Ricardo Larroze;;;;
Najoua Belyzel;;;;;
Vincent Baguian;;;;;
David Rose & His Orchestra;;;;;
Reptil;;;;;
Les Rythmes Digitales feat. Nik Kershaw;;;;;
Douglas Miller;;;;;
Criminal Class USA is Hush Hush Revolution;;;;;
Noemí;;;;;
Total Fucking Destruction;;;;;
Gary Go;;;;;
He Is Legend;;;;;
Mister Ries featuring Six Foe;;;;;
PATSY CLINE & WILLIE NELSON;;;;;
Norman Howard;;;;;
Richard Galliano_ Jean-Charles Capon_ Gilles Perrin;;;;;
bel canto;;;;;
Shade Sheist / N.U.N.E. / King Arthur;;;;;
Remy Shand;;;;;
Maracaibo 15;;;;;
Dan Hicks;;;;;
The Katinas;;;;;
Lit;;;;;
Ai Ai Ai;;;;;
Cachao;;;;;
Charly Garcia;;;;;
Pictures of Then;;;;;
Music Explosion;;;;;
Janet Jackson Featuring Kanye West;;;;;
The Last Vegas;;;;;
Beneath The Sky;;;;;
[kaleidoskop];;;;;
Bedrock;;;;;
Radio Birdman;;;;;
Digital Mystikz;;;;;
Richard Smith;;;;;
Franco_ Valeriana;;;;;
Angelica Maria;;;;;
Giorgos Sabanis;;;;;
Vana;;;;;
The Zebras;;;;;
Vulture Industries;;;;;
Bo Carter;;;;;
Nicky B_ Naëlle;;;;;
Fredericks_ Goldman_ Jones;;;;;
Monique Morelli;;;;;
Alexander Zonjic;;;;;
Angela Lashley;;;;;
Emilio Tuero;;;;;
Howie Day;;;;;
King Swamp;;;;;
Joe Lopez;;;;;
El Gran Combo De Puerto Rico;;;;;
Ann Nesby / Jamecia Bennett;;;;;
Bobby Valentin;;;;;
Life In Your Way;;;;;
Mar Azul;;;;;
Punk'd Royal;;;;;
"Buzzov¬""en";;;;;
22-20s;;;;;
Elvira;;;;;
Non Stop DJs;;;;;
Guy Forsyth;;;;;
Helen Hobson;;;;;
Limbonic Art;;;;;
Daryl Coley Featuring the New Generation Singers Reunion Choir;;;;;
Trick Trick / Obie Trice;;;;;
Joey Negro;;;;;
Rachel Loy;;;;;
Earth;;;;;
Swami;;;;;
Archie Bell and The Drells;;;;;
Airto Moreira;;;;;
David Rose;;;;;
Luisito Rosario;;;;;
Montserrat Caballé/Orchestra of the Royal Opera House_ Covent Garden/Carlo Maria Giulini;;;;;
Monomonkey;;;;;
Aram Shelton;;;;;
Konexion;;;;;
Tilman Sillescu;;;;;
Little Joe & The Thrillers;;;;;
Peter Tosh & Winston Scotland;;;;;
Sharon Shannon;;;;;
Birdapres;;;;;
Controlled Dissonance;;;;;
The Reverend Peyton's Big Damn Band;;;;;
(hed) p.e.;;;;;
Stargarden;;;;;
Ace Frehley;;;;;
Gal Costa / Maria Bethânia;;;;;
Leeroy Stagger;;;;;
Doc Pomus;;;;;
Slim Harpo;;;;;
Stimulator;;;;;
X (Australia);;;;;
Stephen Pearcy;;;;;
DJ DLG feat. MC Flipside;;;;;
Pat Green;;;;;
Daddy Dog;;;;;
Riamiwo;;;;;
Abner Burnette;;;;;
Sub Swara;;;;;
Los Jaigüey;;;;;
NG3;;;;;
Vienna Concert House Orchestra_ Wiener Sängerknaben_ Ferdinand Grossmann;;;;;
Vuneny;;;;;
Livio Minafra;;;;;
Ras Michael and the Sons of Negus;;;;;
Fixx_ The;;;;;
Musical Youth;;;;;
Fulanito;;;;;
Big Rich;;;;;
Blessid Union Of Souls;;;;;
Kathy Troccoli with Aaron Jeoffrey;;;;;
Laura Leon;;;;;
Luiz Bonfa / Oscar Castro Neves / Lalo Schifrin;;;;;
Easy Star All-Stars;;;;;
The Insects;;;;;
Disco D;;;;;
Low Millions;;;;;
Devine and emilyPLAY;;;;;
Blanks77;;;;;
Gall_ France;;;;;
Cassidy featuring R. Kelly;;;;;
Frank Sinatra;;;;;
K.A.L.I.;;;;;
Wednesday 13;;;;;
Hawkshaw Hawkins;;;;;
DJ X-Change featuring DJ Omega;;;;;
Dj Kali;;;;;
Virus;;;;;
Dub Pistols feat. Rodney P & Terry Hall;;;;;
Tigertailz;;;;;
Chatelaine;;;;;
Monty;;;;;
Muzsikas;;;;;
Oui Oui;;;;;
C.L. Smooth;;;;;
Oliver Kalkofe;;;;;
Big Joe Turner;;;;;
Roger McGuinn;;;;;
Sane Band;;;;;
Dilated Peoples Featuring Black Thought;;;;;
Drop Dead_ Gorgeous;;;;;
Hassan Annouri;;;;;
Willie Isz;;;;;
Justo Almario;;;;;
Dungeon Family;;;;;
Semprini;;;;;
Daylight Torn;;;;;
Michael English;;;;;
X-Ecutioners featuring Big Pun;;;;;
Ultra X;;;;;
Jonathan Edwards / Will Ferrell;;;;;
Hot Boys;;;;;
Freedom;;;;;
Pedro Laza Y Sus Pelayeros;;;;;
Deep Blue Something;;;;;
Little Willie John;;;;;
Lloyd Spiegel;;;;;
The Sex Pistols;;;;;
Toni Braxton Featuring Babyface;;;;;
Winterlight;;;;;
Daara J;;;;;
Kaskaad;;;;;
Chantal Chamandy;;;;;
Mouth Of The Architect;;;;;
Deadmau5;;;;;
Kavinsky;;;;;
AC/DC;;;;;
Morbid Angel;;;;;
Nano;;;;;